Using pre-set license
Built from '2021.3/staging' branch; Version is '2021.3.1f1 (3b70a0754835) revision 3895456'; Using compiler version '192829333'; Build Type 'Release'
OS: 'Windows 11  (10.0.22000) 64bit Professional' Language: 'en' Physical Memory: 65479 MB
BatchMode: 1, IsHumanControllingUs: 0, StartBugReporterOnCrash: 0, Is64bit: 1, IsPro: 1

COMMAND LINE ARGUMENTS:
D:\Program Files\Unity\Hub\Editor\2021.3.1f1\Editor\Unity.exe
-adb2
-batchMode
-noUpm
-name
AssetImportWorker0
-projectPath
D:/Projects/Game Development/Protos 1
-logFile
Logs/AssetImportWorker0.log
-srvPort
55580
Successfully changed project path to: D:/Projects/Game Development/Protos 1
D:/Projects/Game Development/Protos 1
[UnityMemory] Configuration Parameters - Can be set up in boot.config
    "memorysetup-bucket-allocator-granularity=16"
    "memorysetup-bucket-allocator-bucket-count=8"
    "memorysetup-bucket-allocator-block-size=33554432"
    "memorysetup-bucket-allocator-block-count=8"
    "memorysetup-main-allocator-block-size=16777216"
    "memorysetup-thread-allocator-block-size=16777216"
    "memorysetup-gfx-main-allocator-block-size=16777216"
    "memorysetup-gfx-thread-allocator-block-size=16777216"
    "memorysetup-cache-allocator-block-size=4194304"
    "memorysetup-typetree-allocator-block-size=2097152"
    "memorysetup-profiler-bucket-allocator-granularity=16"
    "memorysetup-profiler-bucket-allocator-bucket-count=8"
    "memorysetup-profiler-bucket-allocator-block-size=33554432"
    "memorysetup-profiler-bucket-allocator-block-count=8"
    "memorysetup-profiler-allocator-block-size=16777216"
    "memorysetup-profiler-editor-allocator-block-size=1048576"
    "memorysetup-temp-allocator-size-main=16777216"
    "memorysetup-job-temp-allocator-block-size=2097152"
    "memorysetup-job-temp-allocator-block-size-background=1048576"
    "memorysetup-job-temp-allocator-reduction-small-platforms=262144"
    "memorysetup-temp-allocator-size-background-worker=32768"
    "memorysetup-temp-allocator-size-job-worker=262144"
    "memorysetup-temp-allocator-size-preload-manager=33554432"
    "memorysetup-temp-allocator-size-nav-mesh-worker=65536"
    "memorysetup-temp-allocator-size-audio-worker=65536"
    "memorysetup-temp-allocator-size-cloud-worker=32768"
    "memorysetup-temp-allocator-size-gi-baking-worker=262144"
    "memorysetup-temp-allocator-size-gfx=262144"
Refreshing native plugins compatible for Editor in 112.86 ms, found 4 plugins.
Preloading 0 native plugins for Editor in 0.00 ms.
Initialize engine version: 2021.3.1f1 (3b70a0754835)
[Subsystems] Discovering subsystems at path D:/Program Files/Unity/Hub/Editor/2021.3.1f1/Editor/Data/Resources/UnitySubsystems
[Subsystems] Discovering subsystems at path D:/Projects/Game Development/Protos 1/Assets
GfxDevice: creating device client; threaded=0; jobified=0
Direct3D:
    Version:  Direct3D 11.0 [level 11.1]
    Renderer: AMD Radeon RX 5700 XT (ID=0x731f)
    Vendor:   ATI
    VRAM:     8151 MB
    Driver:   30.0.13023.4001
Initialize mono
Mono path[0] = 'D:/Program Files/Unity/Hub/Editor/2021.3.1f1/Editor/Data/Managed'
Mono path[1] = 'D:/Program Files/Unity/Hub/Editor/2021.3.1f1/Editor/Data/MonoBleedingEdge/lib/mono/unityjit-win32'
Mono config path = 'D:/Program Files/Unity/Hub/Editor/2021.3.1f1/Editor/Data/MonoBleedingEdge/etc'
Using monoOptions --debugger-agent=transport=dt_socket,embedding=1,server=y,suspend=n,address=127.0.0.1:56812
Begin MonoManager ReloadAssembly
Registering precompiled unity dll's ...
Register platform support module: D:/Program Files/Unity/Hub/Editor/2021.3.1f1/Editor/Data/PlaybackEngines/WindowsStandaloneSupport/UnityEditor.WindowsStandalone.Extensions.dll
Registered in 0.002721 seconds.
Native extension for WindowsStandalone target not found
Refreshing native plugins compatible for Editor in 114.13 ms, found 4 plugins.
Preloading 0 native plugins for Editor in 0.00 ms.
Mono: successfully reloaded assembly
- Completed reload, in  0.627 seconds
Domain Reload Profiling:
	ReloadAssembly (627ms)
		BeginReloadAssembly (72ms)
			ExecutionOrderSort (0ms)
			DisableScriptedObjects (0ms)
			BackupInstance (0ms)
			ReleaseScriptingObjects (0ms)
			CreateAndSetChildDomain (1ms)
		EndReloadAssembly (459ms)
			LoadAssemblies (71ms)
			RebuildTransferFunctionScriptingTraits (0ms)
			SetupTypeCache (97ms)
			ReleaseScriptCaches (0ms)
			RebuildScriptCaches (24ms)
			SetupLoadedEditorAssemblies (292ms)
				LogAssemblyErrors (0ms)
				InitializePlatformSupportModulesInManaged (5ms)
				SetLoadedEditorAssemblies (0ms)
				RefreshPlugins (114ms)
				BeforeProcessingInitializeOnLoad (1ms)
				ProcessInitializeOnLoadAttributes (130ms)
				ProcessInitializeOnLoadMethodAttributes (41ms)
				AfterProcessingInitializeOnLoad (0ms)
				EditorAssembliesLoaded (0ms)
			ExecutionOrderSort2 (0ms)
			AwakeInstancesAfterBackupRestoration (0ms)
Platform modules already initialized, skipping
Registering precompiled user dll's ...
Registered in 0.010264 seconds.
Begin MonoManager ReloadAssembly
Symbol file LoadedFromMemory doesn't match image D:\Projects\Game Development\Protos 1\Library\PackageCache\com.unity.visualscripting@1.7.7\Editor\VisualScripting.Core\Dependencies\DotNetZip\Unity.VisualScripting.IonicZip.dll
Symbol file LoadedFromMemory doesn't match image D:\Projects\Game Development\Protos 1\Library\PackageCache\com.unity.visualscripting@1.7.7\Editor\VisualScripting.Core\Dependencies\YamlDotNet\Unity.VisualScripting.YamlDotNet.dll
Native extension for WindowsStandalone target not found
Refreshing native plugins compatible for Editor in 109.78 ms, found 4 plugins.
Preloading 0 native plugins for Editor in 0.00 ms.
Package Manager log level set to [2]
Mono: successfully reloaded assembly
- Completed reload, in  1.310 seconds
Domain Reload Profiling:
	ReloadAssembly (1311ms)
		BeginReloadAssembly (111ms)
			ExecutionOrderSort (0ms)
			DisableScriptedObjects (5ms)
			BackupInstance (0ms)
			ReleaseScriptingObjects (0ms)
			CreateAndSetChildDomain (19ms)
		EndReloadAssembly (1091ms)
			LoadAssemblies (99ms)
			RebuildTransferFunctionScriptingTraits (0ms)
			SetupTypeCache (344ms)
			ReleaseScriptCaches (1ms)
			RebuildScriptCaches (58ms)
			SetupLoadedEditorAssemblies (570ms)
				LogAssemblyErrors (0ms)
				InitializePlatformSupportModulesInManaged (2ms)
				SetLoadedEditorAssemblies (0ms)
				RefreshPlugins (110ms)
				BeforeProcessingInitializeOnLoad (95ms)
				ProcessInitializeOnLoadAttributes (210ms)
				ProcessInitializeOnLoadMethodAttributes (150ms)
				AfterProcessingInitializeOnLoad (2ms)
				EditorAssembliesLoaded (0ms)
			ExecutionOrderSort2 (0ms)
			AwakeInstancesAfterBackupRestoration (4ms)
Platform modules already initialized, skipping
========================================================================
Worker process is ready to serve import requests
Launched and connected shader compiler UnityShaderCompiler.exe after 0.05 seconds
Refreshing native plugins compatible for Editor in 1.27 ms, found 4 plugins.
Preloading 0 native plugins for Editor in 0.00 ms.
Unloading 4457 Unused Serialized files (Serialized files now loaded: 0)
Unloading 72 unused Assets / (203.4 KB). Loaded Objects now: 4954.
Memory consumption went from 163.6 MB to 163.4 MB.
Total: 7.867000 ms (FindLiveObjects: 0.481700 ms CreateObjectMapping: 0.158600 ms MarkObjects: 7.001400 ms  DeleteObjects: 0.223700 ms)

AssetImportParameters requested are different than current active one (requested -> active):
  custom:video-decoder-ogg-theora: a1e56fd34408186e4bbccfd4996cb3dc -> 
  custom:container-muxer-webm: aa71ff27fc2769a1b78a27578f13a17b -> 
  custom:container-demuxer-webm: 4f35f7cbe854078d1ac9338744f61a02 -> 
  custom:video-encoder-webm-vp8: eb34c28f22e8b96e1ab97ce403110664 -> 
  custom:audio-encoder-webm-vorbis: bf7c407c2cedff20999df2af8eb42d56 -> 
  custom:framework-win-MediaFoundation: 216162199b28c13a410421893ffa2e32 -> 
  custom:container-demuxer-ogg: 62fdf1f143b41e24485cea50d1cbac27 -> 
  custom:video-decoder-webm-vp8: 9c59270c3fd7afecdb556c50c9e8de78 -> 
  custom:audio-decoder-ogg-vorbis: bf7c407c2cedff20999df2af8eb42d56 -> 
========================================================================
Received Import Request.
  Time since last request: 177338.667090 seconds.
  path: Assets/Prefabs/Damageable.prefab
  artifactKey: Guid(2ec1860633bc8b140b903f77d2ce2119) Importer(815301076,1909f56bfc062723c751e8b465ee728b)
Start importing Assets/Prefabs/Damageable.prefab using Guid(2ec1860633bc8b140b903f77d2ce2119) Importer(815301076,1909f56bfc062723c751e8b465ee728b)  -> (artifact id: 'bb9596db3eef2331f631d9519469e26f') in 0.100919 seconds 
========================================================================
Received Import Request.
  Time since last request: 2.296874 seconds.
  path: Assets/Prefabs/Damageable.prefab
  artifactKey: Guid(2ec1860633bc8b140b903f77d2ce2119) Importer(815301076,1909f56bfc062723c751e8b465ee728b)
Start importing Assets/Prefabs/Damageable.prefab using Guid(2ec1860633bc8b140b903f77d2ce2119) Importer(815301076,1909f56bfc062723c751e8b465ee728b)  -> (artifact id: 'eaa1d6890360b44623f3b24c7ed872bb') in 0.013895 seconds 
========================================================================
Received Import Request.
  Time since last request: 4.239565 seconds.
  path: Assets/Prefabs/Damageable.prefab
  artifactKey: Guid(2ec1860633bc8b140b903f77d2ce2119) Importer(815301076,1909f56bfc062723c751e8b465ee728b)
Start importing Assets/Prefabs/Damageable.prefab using Guid(2ec1860633bc8b140b903f77d2ce2119) Importer(815301076,1909f56bfc062723c751e8b465ee728b)  -> (artifact id: '0105a1c4e692ada686f3e78df0080006') in 0.013496 seconds 
========================================================================
Received Import Request.
  Time since last request: 2.614184 seconds.
  path: Assets/Prefabs/Damageable.prefab
  artifactKey: Guid(2ec1860633bc8b140b903f77d2ce2119) Importer(815301076,1909f56bfc062723c751e8b465ee728b)
Start importing Assets/Prefabs/Damageable.prefab using Guid(2ec1860633bc8b140b903f77d2ce2119) Importer(815301076,1909f56bfc062723c751e8b465ee728b)  -> (artifact id: '6ab489512a2fb6feadf62739f391bd4d') in 0.014081 seconds 
========================================================================
Received Import Request.
  Time since last request: 3.008009 seconds.
  path: Assets/Prefabs/Damageable.prefab
  artifactKey: Guid(2ec1860633bc8b140b903f77d2ce2119) Importer(815301076,1909f56bfc062723c751e8b465ee728b)
Start importing Assets/Prefabs/Damageable.prefab using Guid(2ec1860633bc8b140b903f77d2ce2119) Importer(815301076,1909f56bfc062723c751e8b465ee728b)  -> (artifact id: 'f5bf3996e21c57e082859bf2ba417ee9') in 0.013388 seconds 
========================================================================
Received Import Request.
  Time since last request: 102.193139 seconds.
  path: Assets/Scripts/DamageZone.cs
  artifactKey: Guid(540f5442e15d18d43ad74341ae2c80e8) Importer(815301076,1909f56bfc062723c751e8b465ee728b)
Start importing Assets/Scripts/DamageZone.cs using Guid(540f5442e15d18d43ad74341ae2c80e8) Importer(815301076,1909f56bfc062723c751e8b465ee728b)  -> (artifact id: '305791ee4efa513e34074d552d2fc553') in 0.063797 seconds 
========================================================================
Received Prepare
Registering precompiled user dll's ...
Registered in 0.008551 seconds.
Begin MonoManager ReloadAssembly
Symbol file LoadedFromMemory doesn't match image D:\Projects\Game Development\Protos 1\Library\PackageCache\com.unity.visualscripting@1.7.7\Editor\VisualScripting.Core\Dependencies\DotNetZip\Unity.VisualScripting.IonicZip.dll
Symbol file LoadedFromMemory doesn't match image D:\Projects\Game Development\Protos 1\Library\PackageCache\com.unity.visualscripting@1.7.7\Editor\VisualScripting.Core\Dependencies\YamlDotNet\Unity.VisualScripting.YamlDotNet.dll
Native extension for WindowsStandalone target not found
Refreshing native plugins compatible for Editor in 1.00 ms, found 4 plugins.
Preloading 0 native plugins for Editor in 0.00 ms.
Mono: successfully reloaded assembly
- Completed reload, in  1.376 seconds
Domain Reload Profiling:
	ReloadAssembly (1377ms)
		BeginReloadAssembly (284ms)
			ExecutionOrderSort (0ms)
			DisableScriptedObjects (5ms)
			BackupInstance (0ms)
			ReleaseScriptingObjects (0ms)
			CreateAndSetChildDomain (46ms)
		EndReloadAssembly (1012ms)
			LoadAssemblies (102ms)
			RebuildTransferFunctionScriptingTraits (0ms)
			SetupTypeCache (325ms)
			ReleaseScriptCaches (1ms)
			RebuildScriptCaches (47ms)
			SetupLoadedEditorAssemblies (339ms)
				LogAssemblyErrors (0ms)
				InitializePlatformSupportModulesInManaged (9ms)
				SetLoadedEditorAssemblies (0ms)
				RefreshPlugins (1ms)
				BeforeProcessingInitializeOnLoad (65ms)
				ProcessInitializeOnLoadAttributes (160ms)
				ProcessInitializeOnLoadMethodAttributes (101ms)
				AfterProcessingInitializeOnLoad (3ms)
				EditorAssembliesLoaded (0ms)
			ExecutionOrderSort2 (0ms)
			AwakeInstancesAfterBackupRestoration (22ms)
Platform modules already initialized, skipping
Refreshing native plugins compatible for Editor in 4.24 ms, found 4 plugins.
Preloading 0 native plugins for Editor in 0.00 ms.
Unloading 4452 Unused Serialized files (Serialized files now loaded: 0)
Unloading 59 unused Assets / (195.8 KB). Loaded Objects now: 4964.
Memory consumption went from 167.9 MB to 167.7 MB.
Total: 6.493300 ms (FindLiveObjects: 0.378200 ms CreateObjectMapping: 0.290000 ms MarkObjects: 5.564600 ms  DeleteObjects: 0.258200 ms)

AssetImportParameters requested are different than current active one (requested -> active):
  custom:video-decoder-ogg-theora: a1e56fd34408186e4bbccfd4996cb3dc -> 
  custom:container-muxer-webm: aa71ff27fc2769a1b78a27578f13a17b -> 
  custom:container-demuxer-webm: 4f35f7cbe854078d1ac9338744f61a02 -> 
  custom:video-encoder-webm-vp8: eb34c28f22e8b96e1ab97ce403110664 -> 
  custom:audio-encoder-webm-vorbis: bf7c407c2cedff20999df2af8eb42d56 -> 
  custom:framework-win-MediaFoundation: 216162199b28c13a410421893ffa2e32 -> 
  custom:container-demuxer-ogg: 62fdf1f143b41e24485cea50d1cbac27 -> 
  custom:video-decoder-webm-vp8: 9c59270c3fd7afecdb556c50c9e8de78 -> 
  custom:audio-decoder-ogg-vorbis: bf7c407c2cedff20999df2af8eb42d56 -> 
========================================================================
Received Prepare
Registering precompiled user dll's ...
Registered in 0.008782 seconds.
Begin MonoManager ReloadAssembly
Symbol file LoadedFromMemory doesn't match image D:\Projects\Game Development\Protos 1\Library\PackageCache\com.unity.visualscripting@1.7.7\Editor\VisualScripting.Core\Dependencies\DotNetZip\Unity.VisualScripting.IonicZip.dll
Symbol file LoadedFromMemory doesn't match image D:\Projects\Game Development\Protos 1\Library\PackageCache\com.unity.visualscripting@1.7.7\Editor\VisualScripting.Core\Dependencies\YamlDotNet\Unity.VisualScripting.YamlDotNet.dll
Native extension for WindowsStandalone target not found
Refreshing native plugins compatible for Editor in 1.44 ms, found 4 plugins.
Preloading 0 native plugins for Editor in 0.00 ms.
Mono: successfully reloaded assembly
- Completed reload, in  1.499 seconds
Domain Reload Profiling:
	ReloadAssembly (1500ms)
		BeginReloadAssembly (170ms)
			ExecutionOrderSort (0ms)
			DisableScriptedObjects (8ms)
			BackupInstance (0ms)
			ReleaseScriptingObjects (0ms)
			CreateAndSetChildDomain (57ms)
		EndReloadAssembly (1231ms)
			LoadAssemblies (120ms)
			RebuildTransferFunctionScriptingTraits (0ms)
			SetupTypeCache (401ms)
			ReleaseScriptCaches (2ms)
			RebuildScriptCaches (59ms)
			SetupLoadedEditorAssemblies (434ms)
				LogAssemblyErrors (0ms)
				InitializePlatformSupportModulesInManaged (10ms)
				SetLoadedEditorAssemblies (0ms)
				RefreshPlugins (2ms)
				BeforeProcessingInitializeOnLoad (78ms)
				ProcessInitializeOnLoadAttributes (223ms)
				ProcessInitializeOnLoadMethodAttributes (117ms)
				AfterProcessingInitializeOnLoad (3ms)
				EditorAssembliesLoaded (0ms)
			ExecutionOrderSort2 (0ms)
			AwakeInstancesAfterBackupRestoration (23ms)
Platform modules already initialized, skipping
Script error: OnTriggerEnter
This message parameter has to be of type: Collider
The message will be ignored.
Refreshing native plugins compatible for Editor in 4.88 ms, found 4 plugins.
Preloading 0 native plugins for Editor in 0.00 ms.
Unloading 4452 Unused Serialized files (Serialized files now loaded: 0)
Unloading 59 unused Assets / (195.7 KB). Loaded Objects now: 4967.
Memory consumption went from 168.0 MB to 167.8 MB.
Total: 7.215000 ms (FindLiveObjects: 0.385000 ms CreateObjectMapping: 0.101500 ms MarkObjects: 6.531300 ms  DeleteObjects: 0.195100 ms)

AssetImportParameters requested are different than current active one (requested -> active):
  custom:video-decoder-ogg-theora: a1e56fd34408186e4bbccfd4996cb3dc -> 
  custom:container-muxer-webm: aa71ff27fc2769a1b78a27578f13a17b -> 
  custom:container-demuxer-webm: 4f35f7cbe854078d1ac9338744f61a02 -> 
  custom:video-encoder-webm-vp8: eb34c28f22e8b96e1ab97ce403110664 -> 
  custom:audio-encoder-webm-vorbis: bf7c407c2cedff20999df2af8eb42d56 -> 
  custom:framework-win-MediaFoundation: 216162199b28c13a410421893ffa2e32 -> 
  custom:container-demuxer-ogg: 62fdf1f143b41e24485cea50d1cbac27 -> 
  custom:video-decoder-webm-vp8: 9c59270c3fd7afecdb556c50c9e8de78 -> 
  custom:audio-decoder-ogg-vorbis: bf7c407c2cedff20999df2af8eb42d56 -> 
========================================================================
Received Prepare
Registering precompiled user dll's ...
Registered in 0.008294 seconds.
Begin MonoManager ReloadAssembly
Symbol file LoadedFromMemory doesn't match image D:\Projects\Game Development\Protos 1\Library\PackageCache\com.unity.visualscripting@1.7.7\Editor\VisualScripting.Core\Dependencies\DotNetZip\Unity.VisualScripting.IonicZip.dll
Symbol file LoadedFromMemory doesn't match image D:\Projects\Game Development\Protos 1\Library\PackageCache\com.unity.visualscripting@1.7.7\Editor\VisualScripting.Core\Dependencies\YamlDotNet\Unity.VisualScripting.YamlDotNet.dll
Native extension for WindowsStandalone target not found
Refreshing native plugins compatible for Editor in 1.26 ms, found 4 plugins.
Preloading 0 native plugins for Editor in 0.00 ms.
Mono: successfully reloaded assembly
- Completed reload, in  1.358 seconds
Domain Reload Profiling:
	ReloadAssembly (1359ms)
		BeginReloadAssembly (165ms)
			ExecutionOrderSort (0ms)
			DisableScriptedObjects (6ms)
			BackupInstance (0ms)
			ReleaseScriptingObjects (0ms)
			CreateAndSetChildDomain (54ms)
		EndReloadAssembly (1102ms)
			LoadAssemblies (114ms)
			RebuildTransferFunctionScriptingTraits (0ms)
			SetupTypeCache (335ms)
			ReleaseScriptCaches (2ms)
			RebuildScriptCaches (51ms)
			SetupLoadedEditorAssemblies (395ms)
				LogAssemblyErrors (0ms)
				InitializePlatformSupportModulesInManaged (10ms)
				SetLoadedEditorAssemblies (0ms)
				RefreshPlugins (1ms)
				BeforeProcessingInitializeOnLoad (74ms)
				ProcessInitializeOnLoadAttributes (194ms)
				ProcessInitializeOnLoadMethodAttributes (112ms)
				AfterProcessingInitializeOnLoad (3ms)
				EditorAssembliesLoaded (0ms)
			ExecutionOrderSort2 (0ms)
			AwakeInstancesAfterBackupRestoration (25ms)
Platform modules already initialized, skipping
Script error: OnTriggerEnter
This message parameter has to be of type: Collider
The message will be ignored.
Refreshing native plugins compatible for Editor in 3.68 ms, found 4 plugins.
Preloading 0 native plugins for Editor in 0.00 ms.
Unloading 4452 Unused Serialized files (Serialized files now loaded: 0)
Unloading 59 unused Assets / (195.5 KB). Loaded Objects now: 4970.
Memory consumption went from 168.0 MB to 167.8 MB.
Total: 6.322600 ms (FindLiveObjects: 0.350800 ms CreateObjectMapping: 0.106700 ms MarkObjects: 5.704000 ms  DeleteObjects: 0.160000 ms)

AssetImportParameters requested are different than current active one (requested -> active):
  custom:video-decoder-ogg-theora: a1e56fd34408186e4bbccfd4996cb3dc -> 
  custom:container-muxer-webm: aa71ff27fc2769a1b78a27578f13a17b -> 
  custom:container-demuxer-webm: 4f35f7cbe854078d1ac9338744f61a02 -> 
  custom:video-encoder-webm-vp8: eb34c28f22e8b96e1ab97ce403110664 -> 
  custom:audio-encoder-webm-vorbis: bf7c407c2cedff20999df2af8eb42d56 -> 
  custom:framework-win-MediaFoundation: 216162199b28c13a410421893ffa2e32 -> 
  custom:container-demuxer-ogg: 62fdf1f143b41e24485cea50d1cbac27 -> 
  custom:video-decoder-webm-vp8: 9c59270c3fd7afecdb556c50c9e8de78 -> 
  custom:audio-decoder-ogg-vorbis: bf7c407c2cedff20999df2af8eb42d56 -> 
========================================================================
Received Prepare
Registering precompiled user dll's ...
Registered in 0.010347 seconds.
Begin MonoManager ReloadAssembly
Symbol file LoadedFromMemory doesn't match image D:\Projects\Game Development\Protos 1\Library\PackageCache\com.unity.visualscripting@1.7.7\Editor\VisualScripting.Core\Dependencies\DotNetZip\Unity.VisualScripting.IonicZip.dll
Symbol file LoadedFromMemory doesn't match image D:\Projects\Game Development\Protos 1\Library\PackageCache\com.unity.visualscripting@1.7.7\Editor\VisualScripting.Core\Dependencies\YamlDotNet\Unity.VisualScripting.YamlDotNet.dll
Native extension for WindowsStandalone target not found
Refreshing native plugins compatible for Editor in 1.12 ms, found 4 plugins.
Preloading 0 native plugins for Editor in 0.00 ms.
Mono: successfully reloaded assembly
- Completed reload, in  1.384 seconds
Domain Reload Profiling:
	ReloadAssembly (1385ms)
		BeginReloadAssembly (175ms)
			ExecutionOrderSort (0ms)
			DisableScriptedObjects (7ms)
			BackupInstance (0ms)
			ReleaseScriptingObjects (0ms)
			CreateAndSetChildDomain (50ms)
		EndReloadAssembly (1112ms)
			LoadAssemblies (140ms)
			RebuildTransferFunctionScriptingTraits (0ms)
			SetupTypeCache (342ms)
			ReleaseScriptCaches (2ms)
			RebuildScriptCaches (47ms)
			SetupLoadedEditorAssemblies (405ms)
				LogAssemblyErrors (0ms)
				InitializePlatformSupportModulesInManaged (10ms)
				SetLoadedEditorAssemblies (0ms)
				RefreshPlugins (1ms)
				BeforeProcessingInitializeOnLoad (70ms)
				ProcessInitializeOnLoadAttributes (196ms)
				ProcessInitializeOnLoadMethodAttributes (125ms)
				AfterProcessingInitializeOnLoad (3ms)
				EditorAssembliesLoaded (0ms)
			ExecutionOrderSort2 (0ms)
			AwakeInstancesAfterBackupRestoration (25ms)
Platform modules already initialized, skipping
Refreshing native plugins compatible for Editor in 3.40 ms, found 4 plugins.
Preloading 0 native plugins for Editor in 0.00 ms.
Unloading 4452 Unused Serialized files (Serialized files now loaded: 0)
Unloading 59 unused Assets / (195.6 KB). Loaded Objects now: 4973.
Memory consumption went from 167.9 MB to 167.7 MB.
Total: 6.302700 ms (FindLiveObjects: 0.396500 ms CreateObjectMapping: 0.111200 ms MarkObjects: 5.607200 ms  DeleteObjects: 0.186800 ms)

AssetImportParameters requested are different than current active one (requested -> active):
  custom:video-decoder-ogg-theora: a1e56fd34408186e4bbccfd4996cb3dc -> 
  custom:container-muxer-webm: aa71ff27fc2769a1b78a27578f13a17b -> 
  custom:container-demuxer-webm: 4f35f7cbe854078d1ac9338744f61a02 -> 
  custom:video-encoder-webm-vp8: eb34c28f22e8b96e1ab97ce403110664 -> 
  custom:audio-encoder-webm-vorbis: bf7c407c2cedff20999df2af8eb42d56 -> 
  custom:framework-win-MediaFoundation: 216162199b28c13a410421893ffa2e32 -> 
  custom:container-demuxer-ogg: 62fdf1f143b41e24485cea50d1cbac27 -> 
  custom:video-decoder-webm-vp8: 9c59270c3fd7afecdb556c50c9e8de78 -> 
  custom:audio-decoder-ogg-vorbis: bf7c407c2cedff20999df2af8eb42d56 -> 
========================================================================
Received Prepare
Registering precompiled user dll's ...
Registered in 0.008783 seconds.
Begin MonoManager ReloadAssembly
Symbol file LoadedFromMemory doesn't match image D:\Projects\Game Development\Protos 1\Library\PackageCache\com.unity.visualscripting@1.7.7\Editor\VisualScripting.Core\Dependencies\DotNetZip\Unity.VisualScripting.IonicZip.dll
Symbol file LoadedFromMemory doesn't match image D:\Projects\Game Development\Protos 1\Library\PackageCache\com.unity.visualscripting@1.7.7\Editor\VisualScripting.Core\Dependencies\YamlDotNet\Unity.VisualScripting.YamlDotNet.dll
Native extension for WindowsStandalone target not found
Refreshing native plugins compatible for Editor in 1.51 ms, found 4 plugins.
Preloading 0 native plugins for Editor in 0.00 ms.
Mono: successfully reloaded assembly
- Completed reload, in  1.398 seconds
Domain Reload Profiling:
	ReloadAssembly (1399ms)
		BeginReloadAssembly (184ms)
			ExecutionOrderSort (0ms)
			DisableScriptedObjects (11ms)
			BackupInstance (0ms)
			ReleaseScriptingObjects (0ms)
			CreateAndSetChildDomain (59ms)
		EndReloadAssembly (1113ms)
			LoadAssemblies (123ms)
			RebuildTransferFunctionScriptingTraits (0ms)
			SetupTypeCache (355ms)
			ReleaseScriptCaches (2ms)
			RebuildScriptCaches (46ms)
			SetupLoadedEditorAssemblies (395ms)
				LogAssemblyErrors (0ms)
				InitializePlatformSupportModulesInManaged (9ms)
				SetLoadedEditorAssemblies (0ms)
				RefreshPlugins (2ms)
				BeforeProcessingInitializeOnLoad (71ms)
				ProcessInitializeOnLoadAttributes (192ms)
				ProcessInitializeOnLoadMethodAttributes (119ms)
				AfterProcessingInitializeOnLoad (2ms)
				EditorAssembliesLoaded (0ms)
			ExecutionOrderSort2 (0ms)
			AwakeInstancesAfterBackupRestoration (24ms)
Platform modules already initialized, skipping
Script error: OnTriggerEnter2D
This message parameter has to be of type: Collider2D
The message will be ignored.
Refreshing native plugins compatible for Editor in 4.80 ms, found 4 plugins.
Preloading 0 native plugins for Editor in 0.00 ms.
Unloading 4452 Unused Serialized files (Serialized files now loaded: 0)
Unloading 59 unused Assets / (195.7 KB). Loaded Objects now: 4976.
Memory consumption went from 168.0 MB to 167.8 MB.
Total: 8.430300 ms (FindLiveObjects: 0.579200 ms CreateObjectMapping: 0.365700 ms MarkObjects: 7.276200 ms  DeleteObjects: 0.207000 ms)

AssetImportParameters requested are different than current active one (requested -> active):
  custom:video-decoder-ogg-theora: a1e56fd34408186e4bbccfd4996cb3dc -> 
  custom:container-muxer-webm: aa71ff27fc2769a1b78a27578f13a17b -> 
  custom:container-demuxer-webm: 4f35f7cbe854078d1ac9338744f61a02 -> 
  custom:video-encoder-webm-vp8: eb34c28f22e8b96e1ab97ce403110664 -> 
  custom:audio-encoder-webm-vorbis: bf7c407c2cedff20999df2af8eb42d56 -> 
  custom:framework-win-MediaFoundation: 216162199b28c13a410421893ffa2e32 -> 
  custom:container-demuxer-ogg: 62fdf1f143b41e24485cea50d1cbac27 -> 
  custom:video-decoder-webm-vp8: 9c59270c3fd7afecdb556c50c9e8de78 -> 
  custom:audio-decoder-ogg-vorbis: bf7c407c2cedff20999df2af8eb42d56 -> 
========================================================================
Received Prepare
Registering precompiled user dll's ...
Registered in 0.012044 seconds.
Begin MonoManager ReloadAssembly
Symbol file LoadedFromMemory doesn't match image D:\Projects\Game Development\Protos 1\Library\PackageCache\com.unity.visualscripting@1.7.7\Editor\VisualScripting.Core\Dependencies\DotNetZip\Unity.VisualScripting.IonicZip.dll
Symbol file LoadedFromMemory doesn't match image D:\Projects\Game Development\Protos 1\Library\PackageCache\com.unity.visualscripting@1.7.7\Editor\VisualScripting.Core\Dependencies\YamlDotNet\Unity.VisualScripting.YamlDotNet.dll
Native extension for WindowsStandalone target not found
Refreshing native plugins compatible for Editor in 1.30 ms, found 4 plugins.
Preloading 0 native plugins for Editor in 0.00 ms.
Mono: successfully reloaded assembly
- Completed reload, in  1.422 seconds
Domain Reload Profiling:
	ReloadAssembly (1423ms)
		BeginReloadAssembly (165ms)
			ExecutionOrderSort (0ms)
			DisableScriptedObjects (7ms)
			BackupInstance (0ms)
			ReleaseScriptingObjects (0ms)
			CreateAndSetChildDomain (50ms)
		EndReloadAssembly (1157ms)
			LoadAssemblies (121ms)
			RebuildTransferFunctionScriptingTraits (0ms)
			SetupTypeCache (385ms)
			ReleaseScriptCaches (4ms)
			RebuildScriptCaches (53ms)
			SetupLoadedEditorAssemblies (389ms)
				LogAssemblyErrors (0ms)
				InitializePlatformSupportModulesInManaged (10ms)
				SetLoadedEditorAssemblies (0ms)
				RefreshPlugins (1ms)
				BeforeProcessingInitializeOnLoad (75ms)
				ProcessInitializeOnLoadAttributes (186ms)
				ProcessInitializeOnLoadMethodAttributes (114ms)
				AfterProcessingInitializeOnLoad (2ms)
				EditorAssembliesLoaded (0ms)
			ExecutionOrderSort2 (0ms)
			AwakeInstancesAfterBackupRestoration (27ms)
Platform modules already initialized, skipping
Refreshing native plugins compatible for Editor in 4.97 ms, found 4 plugins.
Preloading 0 native plugins for Editor in 0.00 ms.
Unloading 4452 Unused Serialized files (Serialized files now loaded: 0)
Unloading 59 unused Assets / (195.5 KB). Loaded Objects now: 4979.
Memory consumption went from 167.9 MB to 167.7 MB.
Total: 7.179600 ms (FindLiveObjects: 0.389400 ms CreateObjectMapping: 0.134900 ms MarkObjects: 6.466200 ms  DeleteObjects: 0.186700 ms)

AssetImportParameters requested are different than current active one (requested -> active):
  custom:video-decoder-ogg-theora: a1e56fd34408186e4bbccfd4996cb3dc -> 
  custom:container-muxer-webm: aa71ff27fc2769a1b78a27578f13a17b -> 
  custom:container-demuxer-webm: 4f35f7cbe854078d1ac9338744f61a02 -> 
  custom:video-encoder-webm-vp8: eb34c28f22e8b96e1ab97ce403110664 -> 
  custom:audio-encoder-webm-vorbis: bf7c407c2cedff20999df2af8eb42d56 -> 
  custom:framework-win-MediaFoundation: 216162199b28c13a410421893ffa2e32 -> 
  custom:container-demuxer-ogg: 62fdf1f143b41e24485cea50d1cbac27 -> 
  custom:video-decoder-webm-vp8: 9c59270c3fd7afecdb556c50c9e8de78 -> 
  custom:audio-decoder-ogg-vorbis: bf7c407c2cedff20999df2af8eb42d56 -> 
========================================================================
Received Prepare
Registering precompiled user dll's ...
Registered in 0.006982 seconds.
Begin MonoManager ReloadAssembly
Symbol file LoadedFromMemory doesn't match image D:\Projects\Game Development\Protos 1\Library\PackageCache\com.unity.visualscripting@1.7.7\Editor\VisualScripting.Core\Dependencies\DotNetZip\Unity.VisualScripting.IonicZip.dll
Symbol file LoadedFromMemory doesn't match image D:\Projects\Game Development\Protos 1\Library\PackageCache\com.unity.visualscripting@1.7.7\Editor\VisualScripting.Core\Dependencies\YamlDotNet\Unity.VisualScripting.YamlDotNet.dll
Native extension for WindowsStandalone target not found
Refreshing native plugins compatible for Editor in 1.19 ms, found 4 plugins.
Preloading 0 native plugins for Editor in 0.00 ms.
Mono: successfully reloaded assembly
- Completed reload, in  1.633 seconds
Domain Reload Profiling:
	ReloadAssembly (1634ms)
		BeginReloadAssembly (218ms)
			ExecutionOrderSort (0ms)
			DisableScriptedObjects (6ms)
			BackupInstance (0ms)
			ReleaseScriptingObjects (0ms)
			CreateAndSetChildDomain (47ms)
		EndReloadAssembly (1303ms)
			LoadAssemblies (170ms)
			RebuildTransferFunctionScriptingTraits (0ms)
			SetupTypeCache (589ms)
			ReleaseScriptCaches (2ms)
			RebuildScriptCaches (51ms)
			SetupLoadedEditorAssemblies (374ms)
				LogAssemblyErrors (0ms)
				InitializePlatformSupportModulesInManaged (11ms)
				SetLoadedEditorAssemblies (0ms)
				RefreshPlugins (1ms)
				BeforeProcessingInitializeOnLoad (66ms)
				ProcessInitializeOnLoadAttributes (183ms)
				ProcessInitializeOnLoadMethodAttributes (110ms)
				AfterProcessingInitializeOnLoad (2ms)
				EditorAssembliesLoaded (0ms)
			ExecutionOrderSort2 (0ms)
			AwakeInstancesAfterBackupRestoration (21ms)
Platform modules already initialized, skipping
Refreshing native plugins compatible for Editor in 4.33 ms, found 4 plugins.
Preloading 0 native plugins for Editor in 0.00 ms.
Unloading 4452 Unused Serialized files (Serialized files now loaded: 0)
Unloading 59 unused Assets / (195.6 KB). Loaded Objects now: 4982.
Memory consumption went from 167.9 MB to 167.8 MB.
Total: 6.485400 ms (FindLiveObjects: 0.360200 ms CreateObjectMapping: 0.130600 ms MarkObjects: 5.799700 ms  DeleteObjects: 0.193900 ms)

AssetImportParameters requested are different than current active one (requested -> active):
  custom:video-decoder-ogg-theora: a1e56fd34408186e4bbccfd4996cb3dc -> 
  custom:container-muxer-webm: aa71ff27fc2769a1b78a27578f13a17b -> 
  custom:container-demuxer-webm: 4f35f7cbe854078d1ac9338744f61a02 -> 
  custom:video-encoder-webm-vp8: eb34c28f22e8b96e1ab97ce403110664 -> 
  custom:audio-encoder-webm-vorbis: bf7c407c2cedff20999df2af8eb42d56 -> 
  custom:framework-win-MediaFoundation: 216162199b28c13a410421893ffa2e32 -> 
  custom:container-demuxer-ogg: 62fdf1f143b41e24485cea50d1cbac27 -> 
  custom:video-decoder-webm-vp8: 9c59270c3fd7afecdb556c50c9e8de78 -> 
  custom:audio-decoder-ogg-vorbis: bf7c407c2cedff20999df2af8eb42d56 -> 
========================================================================
Received Prepare
Registering precompiled user dll's ...
Registered in 0.008187 seconds.
Begin MonoManager ReloadAssembly
Symbol file LoadedFromMemory doesn't match image D:\Projects\Game Development\Protos 1\Library\PackageCache\com.unity.visualscripting@1.7.7\Editor\VisualScripting.Core\Dependencies\DotNetZip\Unity.VisualScripting.IonicZip.dll
Symbol file LoadedFromMemory doesn't match image D:\Projects\Game Development\Protos 1\Library\PackageCache\com.unity.visualscripting@1.7.7\Editor\VisualScripting.Core\Dependencies\YamlDotNet\Unity.VisualScripting.YamlDotNet.dll
Native extension for WindowsStandalone target not found
Refreshing native plugins compatible for Editor in 1.28 ms, found 4 plugins.
Preloading 0 native plugins for Editor in 0.00 ms.
Mono: successfully reloaded assembly
- Completed reload, in  1.303 seconds
Domain Reload Profiling:
	ReloadAssembly (1303ms)
		BeginReloadAssembly (155ms)
			ExecutionOrderSort (0ms)
			DisableScriptedObjects (7ms)
			BackupInstance (0ms)
			ReleaseScriptingObjects (0ms)
			CreateAndSetChildDomain (48ms)
		EndReloadAssembly (1058ms)
			LoadAssemblies (116ms)
			RebuildTransferFunctionScriptingTraits (0ms)
			SetupTypeCache (324ms)
			ReleaseScriptCaches (2ms)
			RebuildScriptCaches (51ms)
			SetupLoadedEditorAssemblies (372ms)
				LogAssemblyErrors (0ms)
				InitializePlatformSupportModulesInManaged (12ms)
				SetLoadedEditorAssemblies (0ms)
				RefreshPlugins (1ms)
				BeforeProcessingInitializeOnLoad (71ms)
				ProcessInitializeOnLoadAttributes (173ms)
				ProcessInitializeOnLoadMethodAttributes (113ms)
				AfterProcessingInitializeOnLoad (2ms)
				EditorAssembliesLoaded (0ms)
			ExecutionOrderSort2 (0ms)
			AwakeInstancesAfterBackupRestoration (21ms)
Platform modules already initialized, skipping
Refreshing native plugins compatible for Editor in 3.90 ms, found 4 plugins.
Preloading 0 native plugins for Editor in 0.00 ms.
Unloading 4452 Unused Serialized files (Serialized files now loaded: 0)
Unloading 59 unused Assets / (195.9 KB). Loaded Objects now: 4985.
Memory consumption went from 168.0 MB to 167.8 MB.
Total: 7.795800 ms (FindLiveObjects: 0.366600 ms CreateObjectMapping: 0.112900 ms MarkObjects: 7.145500 ms  DeleteObjects: 0.169000 ms)

AssetImportParameters requested are different than current active one (requested -> active):
  custom:video-decoder-ogg-theora: a1e56fd34408186e4bbccfd4996cb3dc -> 
  custom:container-muxer-webm: aa71ff27fc2769a1b78a27578f13a17b -> 
  custom:container-demuxer-webm: 4f35f7cbe854078d1ac9338744f61a02 -> 
  custom:video-encoder-webm-vp8: eb34c28f22e8b96e1ab97ce403110664 -> 
  custom:audio-encoder-webm-vorbis: bf7c407c2cedff20999df2af8eb42d56 -> 
  custom:framework-win-MediaFoundation: 216162199b28c13a410421893ffa2e32 -> 
  custom:container-demuxer-ogg: 62fdf1f143b41e24485cea50d1cbac27 -> 
  custom:video-decoder-webm-vp8: 9c59270c3fd7afecdb556c50c9e8de78 -> 
  custom:audio-decoder-ogg-vorbis: bf7c407c2cedff20999df2af8eb42d56 -> 
========================================================================
Received Prepare
Registering precompiled user dll's ...
Registered in 0.007774 seconds.
Begin MonoManager ReloadAssembly
Symbol file LoadedFromMemory doesn't match image D:\Projects\Game Development\Protos 1\Library\PackageCache\com.unity.visualscripting@1.7.7\Editor\VisualScripting.Core\Dependencies\DotNetZip\Unity.VisualScripting.IonicZip.dll
Symbol file LoadedFromMemory doesn't match image D:\Projects\Game Development\Protos 1\Library\PackageCache\com.unity.visualscripting@1.7.7\Editor\VisualScripting.Core\Dependencies\YamlDotNet\Unity.VisualScripting.YamlDotNet.dll
Native extension for WindowsStandalone target not found
Refreshing native plugins compatible for Editor in 1.66 ms, found 4 plugins.
Preloading 0 native plugins for Editor in 0.00 ms.
Mono: successfully reloaded assembly
- Completed reload, in  1.461 seconds
Domain Reload Profiling:
	ReloadAssembly (1462ms)
		BeginReloadAssembly (157ms)
			ExecutionOrderSort (0ms)
			DisableScriptedObjects (7ms)
			BackupInstance (0ms)
			ReleaseScriptingObjects (0ms)
			CreateAndSetChildDomain (50ms)
		EndReloadAssembly (1215ms)
			LoadAssemblies (119ms)
			RebuildTransferFunctionScriptingTraits (0ms)
			SetupTypeCache (407ms)
			ReleaseScriptCaches (2ms)
			RebuildScriptCaches (59ms)
			SetupLoadedEditorAssemblies (403ms)
				LogAssemblyErrors (0ms)
				InitializePlatformSupportModulesInManaged (9ms)
				SetLoadedEditorAssemblies (0ms)
				RefreshPlugins (2ms)
				BeforeProcessingInitializeOnLoad (74ms)
				ProcessInitializeOnLoadAttributes (194ms)
				ProcessInitializeOnLoadMethodAttributes (122ms)
				AfterProcessingInitializeOnLoad (2ms)
				EditorAssembliesLoaded (0ms)
			ExecutionOrderSort2 (0ms)
			AwakeInstancesAfterBackupRestoration (24ms)
Platform modules already initialized, skipping
Refreshing native plugins compatible for Editor in 4.06 ms, found 4 plugins.
Preloading 0 native plugins for Editor in 0.00 ms.
Unloading 4452 Unused Serialized files (Serialized files now loaded: 0)
Unloading 59 unused Assets / (195.7 KB). Loaded Objects now: 4988.
Memory consumption went from 168.0 MB to 167.8 MB.
Total: 7.608800 ms (FindLiveObjects: 0.420000 ms CreateObjectMapping: 0.117400 ms MarkObjects: 6.871400 ms  DeleteObjects: 0.198700 ms)

AssetImportParameters requested are different than current active one (requested -> active):
  custom:video-decoder-ogg-theora: a1e56fd34408186e4bbccfd4996cb3dc -> 
  custom:container-muxer-webm: aa71ff27fc2769a1b78a27578f13a17b -> 
  custom:container-demuxer-webm: 4f35f7cbe854078d1ac9338744f61a02 -> 
  custom:video-encoder-webm-vp8: eb34c28f22e8b96e1ab97ce403110664 -> 
  custom:audio-encoder-webm-vorbis: bf7c407c2cedff20999df2af8eb42d56 -> 
  custom:framework-win-MediaFoundation: 216162199b28c13a410421893ffa2e32 -> 
  custom:container-demuxer-ogg: 62fdf1f143b41e24485cea50d1cbac27 -> 
  custom:video-decoder-webm-vp8: 9c59270c3fd7afecdb556c50c9e8de78 -> 
  custom:audio-decoder-ogg-vorbis: bf7c407c2cedff20999df2af8eb42d56 -> 
========================================================================
Received Import Request.
  Time since last request: 980.498613 seconds.
  path: Assets/Prefabs/Damageable.prefab
  artifactKey: Guid(2ec1860633bc8b140b903f77d2ce2119) Importer(815301076,1909f56bfc062723c751e8b465ee728b)
Start importing Assets/Prefabs/Damageable.prefab using Guid(2ec1860633bc8b140b903f77d2ce2119) Importer(815301076,1909f56bfc062723c751e8b465ee728b)  -> (artifact id: '933dc3af3894fba83e022578dca36cc6') in 0.074123 seconds 
========================================================================
Received Import Request.
  Time since last request: 11.199092 seconds.
  path: Assets/Prefabs/Damageable.prefab
  artifactKey: Guid(2ec1860633bc8b140b903f77d2ce2119) Importer(815301076,1909f56bfc062723c751e8b465ee728b)
Start importing Assets/Prefabs/Damageable.prefab using Guid(2ec1860633bc8b140b903f77d2ce2119) Importer(815301076,1909f56bfc062723c751e8b465ee728b)  -> (artifact id: '42f0696da95fbafd0d285b39299a3175') in 0.012979 seconds 
========================================================================
Received Prepare
Registering precompiled user dll's ...
Registered in 0.009446 seconds.
Begin MonoManager ReloadAssembly
Symbol file LoadedFromMemory doesn't match image D:\Projects\Game Development\Protos 1\Library\PackageCache\com.unity.visualscripting@1.7.7\Editor\VisualScripting.Core\Dependencies\DotNetZip\Unity.VisualScripting.IonicZip.dll
Symbol file LoadedFromMemory doesn't match image D:\Projects\Game Development\Protos 1\Library\PackageCache\com.unity.visualscripting@1.7.7\Editor\VisualScripting.Core\Dependencies\YamlDotNet\Unity.VisualScripting.YamlDotNet.dll
Native extension for WindowsStandalone target not found
Refreshing native plugins compatible for Editor in 1.20 ms, found 4 plugins.
Preloading 0 native plugins for Editor in 0.00 ms.
Mono: successfully reloaded assembly
- Completed reload, in  1.397 seconds
Domain Reload Profiling:
	ReloadAssembly (1398ms)
		BeginReloadAssembly (156ms)
			ExecutionOrderSort (0ms)
			DisableScriptedObjects (6ms)
			BackupInstance (0ms)
			ReleaseScriptingObjects (0ms)
			CreateAndSetChildDomain (49ms)
		EndReloadAssembly (1142ms)
			LoadAssemblies (121ms)
			RebuildTransferFunctionScriptingTraits (0ms)
			SetupTypeCache (383ms)
			ReleaseScriptCaches (2ms)
			RebuildScriptCaches (52ms)
			SetupLoadedEditorAssemblies (388ms)
				LogAssemblyErrors (0ms)
				InitializePlatformSupportModulesInManaged (12ms)
				SetLoadedEditorAssemblies (0ms)
				RefreshPlugins (1ms)
				BeforeProcessingInitializeOnLoad (75ms)
				ProcessInitializeOnLoadAttributes (185ms)
				ProcessInitializeOnLoadMethodAttributes (113ms)
				AfterProcessingInitializeOnLoad (2ms)
				EditorAssembliesLoaded (0ms)
			ExecutionOrderSort2 (0ms)
			AwakeInstancesAfterBackupRestoration (24ms)
Platform modules already initialized, skipping
Refreshing native plugins compatible for Editor in 5.11 ms, found 4 plugins.
Preloading 0 native plugins for Editor in 0.00 ms.
Unloading 4452 Unused Serialized files (Serialized files now loaded: 0)
Unloading 59 unused Assets / (195.6 KB). Loaded Objects now: 4991.
Memory consumption went from 168.0 MB to 167.8 MB.
Total: 9.394900 ms (FindLiveObjects: 0.503600 ms CreateObjectMapping: 0.148700 ms MarkObjects: 8.538100 ms  DeleteObjects: 0.203400 ms)

AssetImportParameters requested are different than current active one (requested -> active):
  custom:video-decoder-ogg-theora: a1e56fd34408186e4bbccfd4996cb3dc -> 
  custom:container-muxer-webm: aa71ff27fc2769a1b78a27578f13a17b -> 
  custom:container-demuxer-webm: 4f35f7cbe854078d1ac9338744f61a02 -> 
  custom:video-encoder-webm-vp8: eb34c28f22e8b96e1ab97ce403110664 -> 
  custom:audio-encoder-webm-vorbis: bf7c407c2cedff20999df2af8eb42d56 -> 
  custom:framework-win-MediaFoundation: 216162199b28c13a410421893ffa2e32 -> 
  custom:container-demuxer-ogg: 62fdf1f143b41e24485cea50d1cbac27 -> 
  custom:video-decoder-webm-vp8: 9c59270c3fd7afecdb556c50c9e8de78 -> 
  custom:audio-decoder-ogg-vorbis: bf7c407c2cedff20999df2af8eb42d56 -> 
========================================================================
Received Import Request.
  Time since last request: 82.201414 seconds.
  path: Assets/Prefabs/Damageable.prefab
  artifactKey: Guid(2ec1860633bc8b140b903f77d2ce2119) Importer(815301076,1909f56bfc062723c751e8b465ee728b)
Start importing Assets/Prefabs/Damageable.prefab using Guid(2ec1860633bc8b140b903f77d2ce2119) Importer(815301076,1909f56bfc062723c751e8b465ee728b)  -> (artifact id: '94db09318be3ba86a7fb61076be61259') in 0.062546 seconds 
========================================================================
Received Import Request.
  Time since last request: 15.960560 seconds.
  path: Assets/Prefabs/Damageable.prefab
  artifactKey: Guid(2ec1860633bc8b140b903f77d2ce2119) Importer(815301076,1909f56bfc062723c751e8b465ee728b)
Start importing Assets/Prefabs/Damageable.prefab using Guid(2ec1860633bc8b140b903f77d2ce2119) Importer(815301076,1909f56bfc062723c751e8b465ee728b)  -> (artifact id: '1c4a38551ae1ef7fcd7ac2f25a6c1b38') in 0.013683 seconds 
========================================================================
Received Import Request.
  Time since last request: 84.150514 seconds.
  path: Assets/Prefabs/Damageable.prefab
  artifactKey: Guid(2ec1860633bc8b140b903f77d2ce2119) Importer(815301076,1909f56bfc062723c751e8b465ee728b)
Start importing Assets/Prefabs/Damageable.prefab using Guid(2ec1860633bc8b140b903f77d2ce2119) Importer(815301076,1909f56bfc062723c751e8b465ee728b)  -> (artifact id: '516f2597987559efa781a384869eefcf') in 0.012970 seconds 
========================================================================
Received Import Request.
  Time since last request: 44.901847 seconds.
  path: Assets/Prefabs/Damageable.prefab
  artifactKey: Guid(2ec1860633bc8b140b903f77d2ce2119) Importer(815301076,1909f56bfc062723c751e8b465ee728b)
Start importing Assets/Prefabs/Damageable.prefab using Guid(2ec1860633bc8b140b903f77d2ce2119) Importer(815301076,1909f56bfc062723c751e8b465ee728b)  -> (artifact id: 'b8856b11331f8349ba75fdde1071a723') in 0.011868 seconds 
========================================================================
Received Import Request.
  Time since last request: 44.164081 seconds.
  path: Assets/Prefabs/Damageable.prefab
  artifactKey: Guid(2ec1860633bc8b140b903f77d2ce2119) Importer(815301076,1909f56bfc062723c751e8b465ee728b)
Start importing Assets/Prefabs/Damageable.prefab using Guid(2ec1860633bc8b140b903f77d2ce2119) Importer(815301076,1909f56bfc062723c751e8b465ee728b)  -> (artifact id: '6cf9bde0291bf1c43b14c08989bf0059') in 0.013540 seconds 
========================================================================
Received Import Request.
  Time since last request: 1.731002 seconds.
  path: Assets/Prefabs/Damageable.prefab
  artifactKey: Guid(2ec1860633bc8b140b903f77d2ce2119) Importer(815301076,1909f56bfc062723c751e8b465ee728b)
Start importing Assets/Prefabs/Damageable.prefab using Guid(2ec1860633bc8b140b903f77d2ce2119) Importer(815301076,1909f56bfc062723c751e8b465ee728b)  -> (artifact id: '1da2825ca0b0f7f2f34c6967f4b71ce2') in 0.012985 seconds 
========================================================================
Received Import Request.
  Time since last request: 12.862974 seconds.
  path: Assets/Prefabs/Damageable.prefab
  artifactKey: Guid(2ec1860633bc8b140b903f77d2ce2119) Importer(815301076,1909f56bfc062723c751e8b465ee728b)
Start importing Assets/Prefabs/Damageable.prefab using Guid(2ec1860633bc8b140b903f77d2ce2119) Importer(815301076,1909f56bfc062723c751e8b465ee728b)  -> (artifact id: 'a02eb10329f02ef963f6de449cc38599') in 0.012657 seconds 
========================================================================
Received Prepare
Registering precompiled user dll's ...
Registered in 0.009482 seconds.
Begin MonoManager ReloadAssembly
Symbol file LoadedFromMemory doesn't match image D:\Projects\Game Development\Protos 1\Library\PackageCache\com.unity.visualscripting@1.7.7\Editor\VisualScripting.Core\Dependencies\DotNetZip\Unity.VisualScripting.IonicZip.dll
Symbol file LoadedFromMemory doesn't match image D:\Projects\Game Development\Protos 1\Library\PackageCache\com.unity.visualscripting@1.7.7\Editor\VisualScripting.Core\Dependencies\YamlDotNet\Unity.VisualScripting.YamlDotNet.dll
Native extension for WindowsStandalone target not found
Refreshing native plugins compatible for Editor in 1.74 ms, found 4 plugins.
Preloading 0 native plugins for Editor in 0.00 ms.
Mono: successfully reloaded assembly
- Completed reload, in  1.353 seconds
Domain Reload Profiling:
	ReloadAssembly (1353ms)
		BeginReloadAssembly (156ms)
			ExecutionOrderSort (0ms)
			DisableScriptedObjects (7ms)
			BackupInstance (0ms)
			ReleaseScriptingObjects (0ms)
			CreateAndSetChildDomain (47ms)
		EndReloadAssembly (1100ms)
			LoadAssemblies (115ms)
			RebuildTransferFunctionScriptingTraits (0ms)
			SetupTypeCache (373ms)
			ReleaseScriptCaches (2ms)
			RebuildScriptCaches (53ms)
			SetupLoadedEditorAssemblies (357ms)
				LogAssemblyErrors (0ms)
				InitializePlatformSupportModulesInManaged (9ms)
				SetLoadedEditorAssemblies (0ms)
				RefreshPlugins (2ms)
				BeforeProcessingInitializeOnLoad (68ms)
				ProcessInitializeOnLoadAttributes (176ms)
				ProcessInitializeOnLoadMethodAttributes (101ms)
				AfterProcessingInitializeOnLoad (2ms)
				EditorAssembliesLoaded (0ms)
			ExecutionOrderSort2 (0ms)
			AwakeInstancesAfterBackupRestoration (22ms)
Platform modules already initialized, skipping
Refreshing native plugins compatible for Editor in 4.80 ms, found 4 plugins.
Preloading 0 native plugins for Editor in 0.00 ms.
Unloading 4452 Unused Serialized files (Serialized files now loaded: 0)
Unloading 59 unused Assets / (195.6 KB). Loaded Objects now: 4994.
Memory consumption went from 168.0 MB to 167.8 MB.
Total: 7.705200 ms (FindLiveObjects: 0.484000 ms CreateObjectMapping: 0.122500 ms MarkObjects: 6.922300 ms  DeleteObjects: 0.175000 ms)

AssetImportParameters requested are different than current active one (requested -> active):
  custom:video-decoder-ogg-theora: a1e56fd34408186e4bbccfd4996cb3dc -> 
  custom:container-muxer-webm: aa71ff27fc2769a1b78a27578f13a17b -> 
  custom:container-demuxer-webm: 4f35f7cbe854078d1ac9338744f61a02 -> 
  custom:video-encoder-webm-vp8: eb34c28f22e8b96e1ab97ce403110664 -> 
  custom:audio-encoder-webm-vorbis: bf7c407c2cedff20999df2af8eb42d56 -> 
  custom:framework-win-MediaFoundation: 216162199b28c13a410421893ffa2e32 -> 
  custom:container-demuxer-ogg: 62fdf1f143b41e24485cea50d1cbac27 -> 
  custom:video-decoder-webm-vp8: 9c59270c3fd7afecdb556c50c9e8de78 -> 
  custom:audio-decoder-ogg-vorbis: bf7c407c2cedff20999df2af8eb42d56 -> 
========================================================================
Received Import Request.
  Time since last request: 96.310230 seconds.
  path: Assets/Prefabs/Damageable.prefab
  artifactKey: Guid(2ec1860633bc8b140b903f77d2ce2119) Importer(815301076,1909f56bfc062723c751e8b465ee728b)
Start importing Assets/Prefabs/Damageable.prefab using Guid(2ec1860633bc8b140b903f77d2ce2119) Importer(815301076,1909f56bfc062723c751e8b465ee728b)  -> (artifact id: '752fe277c5614ded322f441a983bf92b') in 0.058709 seconds 
========================================================================
Received Import Request.
  Time since last request: 15.481173 seconds.
  path: Assets/Prefabs/Damageable.prefab
  artifactKey: Guid(2ec1860633bc8b140b903f77d2ce2119) Importer(815301076,1909f56bfc062723c751e8b465ee728b)
Start importing Assets/Prefabs/Damageable.prefab using Guid(2ec1860633bc8b140b903f77d2ce2119) Importer(815301076,1909f56bfc062723c751e8b465ee728b)  -> (artifact id: 'd8278f36c4633b890572259bf3aec9f7') in 0.013782 seconds 
========================================================================
Received Import Request.
  Time since last request: 193.052881 seconds.
  path: Assets/Art/Sprites/Environmnent/Damageable.png
  artifactKey: Guid(0e15259342e82ee4f813807e5b28c0f3) Importer(815301076,1909f56bfc062723c751e8b465ee728b)
Start importing Assets/Art/Sprites/Environmnent/Damageable.png using Guid(0e15259342e82ee4f813807e5b28c0f3) Importer(815301076,1909f56bfc062723c751e8b465ee728b)  -> (artifact id: '1e7d85da1325b95673a64e21afd9e7f2') in 0.060906 seconds 
========================================================================
Received Import Request.
  Time since last request: 7.073865 seconds.
  path: Assets/Prefabs/Damageable.prefab
  artifactKey: Guid(2ec1860633bc8b140b903f77d2ce2119) Importer(815301076,1909f56bfc062723c751e8b465ee728b)
Start importing Assets/Prefabs/Damageable.prefab using Guid(2ec1860633bc8b140b903f77d2ce2119) Importer(815301076,1909f56bfc062723c751e8b465ee728b)  -> (artifact id: 'c5472341b71ed4b08ebce54ac1757e49') in 0.013024 seconds 
========================================================================
Received Prepare
Registering precompiled user dll's ...
Registered in 0.008366 seconds.
Begin MonoManager ReloadAssembly
Symbol file LoadedFromMemory doesn't match image D:\Projects\Game Development\Protos 1\Library\PackageCache\com.unity.visualscripting@1.7.7\Editor\VisualScripting.Core\Dependencies\DotNetZip\Unity.VisualScripting.IonicZip.dll
Symbol file LoadedFromMemory doesn't match image D:\Projects\Game Development\Protos 1\Library\PackageCache\com.unity.visualscripting@1.7.7\Editor\VisualScripting.Core\Dependencies\YamlDotNet\Unity.VisualScripting.YamlDotNet.dll
Native extension for WindowsStandalone target not found
Refreshing native plugins compatible for Editor in 1.52 ms, found 4 plugins.
Preloading 0 native plugins for Editor in 0.00 ms.
Mono: successfully reloaded assembly
- Completed reload, in  1.310 seconds
Domain Reload Profiling:
	ReloadAssembly (1311ms)
		BeginReloadAssembly (156ms)
			ExecutionOrderSort (0ms)
			DisableScriptedObjects (6ms)
			BackupInstance (0ms)
			ReleaseScriptingObjects (0ms)
			CreateAndSetChildDomain (53ms)
		EndReloadAssembly (1066ms)
			LoadAssemblies (109ms)
			RebuildTransferFunctionScriptingTraits (0ms)
			SetupTypeCache (355ms)
			ReleaseScriptCaches (2ms)
			RebuildScriptCaches (45ms)
			SetupLoadedEditorAssemblies (362ms)
				LogAssemblyErrors (0ms)
				InitializePlatformSupportModulesInManaged (8ms)
				SetLoadedEditorAssemblies (0ms)
				RefreshPlugins (2ms)
				BeforeProcessingInitializeOnLoad (67ms)
				ProcessInitializeOnLoadAttributes (171ms)
				ProcessInitializeOnLoadMethodAttributes (112ms)
				AfterProcessingInitializeOnLoad (2ms)
				EditorAssembliesLoaded (0ms)
			ExecutionOrderSort2 (0ms)
			AwakeInstancesAfterBackupRestoration (25ms)
Platform modules already initialized, skipping
Refreshing native plugins compatible for Editor in 4.53 ms, found 4 plugins.
Preloading 0 native plugins for Editor in 0.00 ms.
Unloading 4452 Unused Serialized files (Serialized files now loaded: 0)
Unloading 59 unused Assets / (195.5 KB). Loaded Objects now: 5000.
Memory consumption went from 168.0 MB to 167.8 MB.
Total: 7.418000 ms (FindLiveObjects: 0.418700 ms CreateObjectMapping: 0.125200 ms MarkObjects: 6.694300 ms  DeleteObjects: 0.177800 ms)

AssetImportParameters requested are different than current active one (requested -> active):
  custom:video-decoder-ogg-theora: a1e56fd34408186e4bbccfd4996cb3dc -> 
  custom:container-muxer-webm: aa71ff27fc2769a1b78a27578f13a17b -> 
  custom:container-demuxer-webm: 4f35f7cbe854078d1ac9338744f61a02 -> 
  custom:video-encoder-webm-vp8: eb34c28f22e8b96e1ab97ce403110664 -> 
  custom:audio-encoder-webm-vorbis: bf7c407c2cedff20999df2af8eb42d56 -> 
  custom:framework-win-MediaFoundation: 216162199b28c13a410421893ffa2e32 -> 
  custom:container-demuxer-ogg: 62fdf1f143b41e24485cea50d1cbac27 -> 
  custom:video-decoder-webm-vp8: 9c59270c3fd7afecdb556c50c9e8de78 -> 
  custom:audio-decoder-ogg-vorbis: bf7c407c2cedff20999df2af8eb42d56 -> 
========================================================================
Received Import Request.
  Time since last request: 506.692199 seconds.
  path: Assets/Prefabs/MrClockworkFixed1.prefab
  artifactKey: Guid(87747983899cbed4a9c6c802c994af4f) Importer(815301076,1909f56bfc062723c751e8b465ee728b)
Start importing Assets/Prefabs/MrClockworkFixed1.prefab using Guid(87747983899cbed4a9c6c802c994af4f) Importer(815301076,1909f56bfc062723c751e8b465ee728b)  -> (artifact id: '44cf7249e6b464d59a5290709bb515b2') in 0.063405 seconds 
========================================================================
Received Import Request.
  Time since last request: 11.404243 seconds.
  path: Assets/Prefabs/MrClockwork.prefab
  artifactKey: Guid(87747983899cbed4a9c6c802c994af4f) Importer(815301076,1909f56bfc062723c751e8b465ee728b)
Start importing Assets/Prefabs/MrClockwork.prefab using Guid(87747983899cbed4a9c6c802c994af4f) Importer(815301076,1909f56bfc062723c751e8b465ee728b)  -> (artifact id: '591cd7f516459e11d0466f1d450feac8') in 0.016714 seconds 
========================================================================
Received Import Request.
  Time since last request: 2233.177675 seconds.
  path: Assets/Art/Sprites/Characters/MrClockworkSheet.png
  artifactKey: Guid(651c4abeb0812e74685da0e5a31c8dff) Importer(815301076,1909f56bfc062723c751e8b465ee728b)
Start importing Assets/Art/Sprites/Characters/MrClockworkSheet.png using Guid(651c4abeb0812e74685da0e5a31c8dff) Importer(815301076,1909f56bfc062723c751e8b465ee728b)  -> (artifact id: '5d9e4bcb8e262d24f1b0bc8f331c2f22') in 0.142194 seconds 
========================================================================
Received Prepare
Registering precompiled user dll's ...
Registered in 0.006897 seconds.
Begin MonoManager ReloadAssembly
Symbol file LoadedFromMemory doesn't match image D:\Projects\Game Development\Protos 1\Library\PackageCache\com.unity.visualscripting@1.7.7\Editor\VisualScripting.Core\Dependencies\DotNetZip\Unity.VisualScripting.IonicZip.dll
Symbol file LoadedFromMemory doesn't match image D:\Projects\Game Development\Protos 1\Library\PackageCache\com.unity.visualscripting@1.7.7\Editor\VisualScripting.Core\Dependencies\YamlDotNet\Unity.VisualScripting.YamlDotNet.dll
Native extension for WindowsStandalone target not found
Refreshing native plugins compatible for Editor in 1.10 ms, found 4 plugins.
Preloading 0 native plugins for Editor in 0.00 ms.
Mono: successfully reloaded assembly
- Completed reload, in  1.460 seconds
Domain Reload Profiling:
	ReloadAssembly (1461ms)
		BeginReloadAssembly (195ms)
			ExecutionOrderSort (0ms)
			DisableScriptedObjects (8ms)
			BackupInstance (0ms)
			ReleaseScriptingObjects (0ms)
			CreateAndSetChildDomain (67ms)
		EndReloadAssembly (1152ms)
			LoadAssemblies (132ms)
			RebuildTransferFunctionScriptingTraits (0ms)
			SetupTypeCache (422ms)
			ReleaseScriptCaches (2ms)
			RebuildScriptCaches (49ms)
			SetupLoadedEditorAssemblies (382ms)
				LogAssemblyErrors (0ms)
				InitializePlatformSupportModulesInManaged (8ms)
				SetLoadedEditorAssemblies (0ms)
				RefreshPlugins (1ms)
				BeforeProcessingInitializeOnLoad (71ms)
				ProcessInitializeOnLoadAttributes (193ms)
				ProcessInitializeOnLoadMethodAttributes (107ms)
				AfterProcessingInitializeOnLoad (2ms)
				EditorAssembliesLoaded (0ms)
			ExecutionOrderSort2 (0ms)
			AwakeInstancesAfterBackupRestoration (22ms)
Platform modules already initialized, skipping
Refreshing native plugins compatible for Editor in 4.71 ms, found 4 plugins.
Preloading 0 native plugins for Editor in 0.00 ms.
Unloading 4452 Unused Serialized files (Serialized files now loaded: 0)
Unloading 59 unused Assets / (195.6 KB). Loaded Objects now: 5010.
Memory consumption went from 168.0 MB to 167.9 MB.
Total: 6.192900 ms (FindLiveObjects: 0.356500 ms CreateObjectMapping: 0.115800 ms MarkObjects: 5.559400 ms  DeleteObjects: 0.159900 ms)

AssetImportParameters requested are different than current active one (requested -> active):
  custom:video-decoder-ogg-theora: a1e56fd34408186e4bbccfd4996cb3dc -> 
  custom:container-muxer-webm: aa71ff27fc2769a1b78a27578f13a17b -> 
  custom:container-demuxer-webm: 4f35f7cbe854078d1ac9338744f61a02 -> 
  custom:video-encoder-webm-vp8: eb34c28f22e8b96e1ab97ce403110664 -> 
  custom:audio-encoder-webm-vorbis: bf7c407c2cedff20999df2af8eb42d56 -> 
  custom:framework-win-MediaFoundation: 216162199b28c13a410421893ffa2e32 -> 
  custom:container-demuxer-ogg: 62fdf1f143b41e24485cea50d1cbac27 -> 
  custom:video-decoder-webm-vp8: 9c59270c3fd7afecdb556c50c9e8de78 -> 
  custom:audio-decoder-ogg-vorbis: bf7c407c2cedff20999df2af8eb42d56 -> 
========================================================================
Received Prepare
Registering precompiled user dll's ...
Registered in 0.007932 seconds.
Begin MonoManager ReloadAssembly
Symbol file LoadedFromMemory doesn't match image D:\Projects\Game Development\Protos 1\Library\PackageCache\com.unity.visualscripting@1.7.7\Editor\VisualScripting.Core\Dependencies\DotNetZip\Unity.VisualScripting.IonicZip.dll
Symbol file LoadedFromMemory doesn't match image D:\Projects\Game Development\Protos 1\Library\PackageCache\com.unity.visualscripting@1.7.7\Editor\VisualScripting.Core\Dependencies\YamlDotNet\Unity.VisualScripting.YamlDotNet.dll
Native extension for WindowsStandalone target not found
Refreshing native plugins compatible for Editor in 1.41 ms, found 4 plugins.
Preloading 0 native plugins for Editor in 0.00 ms.
Mono: successfully reloaded assembly
- Completed reload, in  1.380 seconds
Domain Reload Profiling:
	ReloadAssembly (1381ms)
		BeginReloadAssembly (175ms)
			ExecutionOrderSort (0ms)
			DisableScriptedObjects (10ms)
			BackupInstance (0ms)
			ReleaseScriptingObjects (0ms)
			CreateAndSetChildDomain (50ms)
		EndReloadAssembly (1110ms)
			LoadAssemblies (126ms)
			RebuildTransferFunctionScriptingTraits (0ms)
			SetupTypeCache (356ms)
			ReleaseScriptCaches (2ms)
			RebuildScriptCaches (47ms)
			SetupLoadedEditorAssemblies (389ms)
				LogAssemblyErrors (0ms)
				InitializePlatformSupportModulesInManaged (9ms)
				SetLoadedEditorAssemblies (0ms)
				RefreshPlugins (1ms)
				BeforeProcessingInitializeOnLoad (73ms)
				ProcessInitializeOnLoadAttributes (188ms)
				ProcessInitializeOnLoadMethodAttributes (114ms)
				AfterProcessingInitializeOnLoad (2ms)
				EditorAssembliesLoaded (0ms)
			ExecutionOrderSort2 (0ms)
			AwakeInstancesAfterBackupRestoration (24ms)
Platform modules already initialized, skipping
Refreshing native plugins compatible for Editor in 4.19 ms, found 4 plugins.
Preloading 0 native plugins for Editor in 0.00 ms.
Unloading 4452 Unused Serialized files (Serialized files now loaded: 0)
Unloading 59 unused Assets / (195.7 KB). Loaded Objects now: 5013.
Memory consumption went from 168.1 MB to 167.9 MB.
Total: 6.137600 ms (FindLiveObjects: 0.363900 ms CreateObjectMapping: 0.121800 ms MarkObjects: 5.480300 ms  DeleteObjects: 0.170600 ms)

AssetImportParameters requested are different than current active one (requested -> active):
  custom:video-decoder-ogg-theora: a1e56fd34408186e4bbccfd4996cb3dc -> 
  custom:container-muxer-webm: aa71ff27fc2769a1b78a27578f13a17b -> 
  custom:container-demuxer-webm: 4f35f7cbe854078d1ac9338744f61a02 -> 
  custom:video-encoder-webm-vp8: eb34c28f22e8b96e1ab97ce403110664 -> 
  custom:audio-encoder-webm-vorbis: bf7c407c2cedff20999df2af8eb42d56 -> 
  custom:framework-win-MediaFoundation: 216162199b28c13a410421893ffa2e32 -> 
  custom:container-demuxer-ogg: 62fdf1f143b41e24485cea50d1cbac27 -> 
  custom:video-decoder-webm-vp8: 9c59270c3fd7afecdb556c50c9e8de78 -> 
  custom:audio-decoder-ogg-vorbis: bf7c407c2cedff20999df2af8eb42d56 -> 
========================================================================
Received Prepare
Registering precompiled user dll's ...
Registered in 0.008022 seconds.
Begin MonoManager ReloadAssembly
Symbol file LoadedFromMemory doesn't match image D:\Projects\Game Development\Protos 1\Library\PackageCache\com.unity.visualscripting@1.7.7\Editor\VisualScripting.Core\Dependencies\DotNetZip\Unity.VisualScripting.IonicZip.dll
Symbol file LoadedFromMemory doesn't match image D:\Projects\Game Development\Protos 1\Library\PackageCache\com.unity.visualscripting@1.7.7\Editor\VisualScripting.Core\Dependencies\YamlDotNet\Unity.VisualScripting.YamlDotNet.dll
Native extension for WindowsStandalone target not found
Refreshing native plugins compatible for Editor in 1.37 ms, found 4 plugins.
Preloading 0 native plugins for Editor in 0.00 ms.
Mono: successfully reloaded assembly
- Completed reload, in  1.388 seconds
Domain Reload Profiling:
	ReloadAssembly (1388ms)
		BeginReloadAssembly (156ms)
			ExecutionOrderSort (0ms)
			DisableScriptedObjects (7ms)
			BackupInstance (0ms)
			ReleaseScriptingObjects (0ms)
			CreateAndSetChildDomain (50ms)
		EndReloadAssembly (1139ms)
			LoadAssemblies (110ms)
			RebuildTransferFunctionScriptingTraits (0ms)
			SetupTypeCache (326ms)
			ReleaseScriptCaches (2ms)
			RebuildScriptCaches (51ms)
			SetupLoadedEditorAssemblies (391ms)
				LogAssemblyErrors (0ms)
				InitializePlatformSupportModulesInManaged (10ms)
				SetLoadedEditorAssemblies (0ms)
				RefreshPlugins (1ms)
				BeforeProcessingInitializeOnLoad (72ms)
				ProcessInitializeOnLoadAttributes (183ms)
				ProcessInitializeOnLoadMethodAttributes (122ms)
				AfterProcessingInitializeOnLoad (3ms)
				EditorAssembliesLoaded (0ms)
			ExecutionOrderSort2 (0ms)
			AwakeInstancesAfterBackupRestoration (23ms)
Platform modules already initialized, skipping
Refreshing native plugins compatible for Editor in 4.67 ms, found 4 plugins.
Preloading 0 native plugins for Editor in 0.00 ms.
Unloading 4452 Unused Serialized files (Serialized files now loaded: 0)
Unloading 59 unused Assets / (195.8 KB). Loaded Objects now: 5016.
Memory consumption went from 168.1 MB to 167.9 MB.
Total: 6.356900 ms (FindLiveObjects: 0.348200 ms CreateObjectMapping: 0.114000 ms MarkObjects: 5.686700 ms  DeleteObjects: 0.207100 ms)

AssetImportParameters requested are different than current active one (requested -> active):
  custom:video-decoder-ogg-theora: a1e56fd34408186e4bbccfd4996cb3dc -> 
  custom:container-muxer-webm: aa71ff27fc2769a1b78a27578f13a17b -> 
  custom:container-demuxer-webm: 4f35f7cbe854078d1ac9338744f61a02 -> 
  custom:video-encoder-webm-vp8: eb34c28f22e8b96e1ab97ce403110664 -> 
  custom:audio-encoder-webm-vorbis: bf7c407c2cedff20999df2af8eb42d56 -> 
  custom:framework-win-MediaFoundation: 216162199b28c13a410421893ffa2e32 -> 
  custom:container-demuxer-ogg: 62fdf1f143b41e24485cea50d1cbac27 -> 
  custom:video-decoder-webm-vp8: 9c59270c3fd7afecdb556c50c9e8de78 -> 
  custom:audio-decoder-ogg-vorbis: bf7c407c2cedff20999df2af8eb42d56 -> 
========================================================================
Received Prepare
Registering precompiled user dll's ...
Registered in 0.008048 seconds.
Begin MonoManager ReloadAssembly
Symbol file LoadedFromMemory doesn't match image D:\Projects\Game Development\Protos 1\Library\PackageCache\com.unity.visualscripting@1.7.7\Editor\VisualScripting.Core\Dependencies\DotNetZip\Unity.VisualScripting.IonicZip.dll
Symbol file LoadedFromMemory doesn't match image D:\Projects\Game Development\Protos 1\Library\PackageCache\com.unity.visualscripting@1.7.7\Editor\VisualScripting.Core\Dependencies\YamlDotNet\Unity.VisualScripting.YamlDotNet.dll
Native extension for WindowsStandalone target not found
Refreshing native plugins compatible for Editor in 1.68 ms, found 4 plugins.
Preloading 0 native plugins for Editor in 0.00 ms.
Mono: successfully reloaded assembly
- Completed reload, in  1.303 seconds
Domain Reload Profiling:
	ReloadAssembly (1304ms)
		BeginReloadAssembly (152ms)
			ExecutionOrderSort (0ms)
			DisableScriptedObjects (6ms)
			BackupInstance (0ms)
			ReleaseScriptingObjects (0ms)
			CreateAndSetChildDomain (45ms)
		EndReloadAssembly (1054ms)
			LoadAssemblies (108ms)
			RebuildTransferFunctionScriptingTraits (0ms)
			SetupTypeCache (320ms)
			ReleaseScriptCaches (2ms)
			RebuildScriptCaches (45ms)
			SetupLoadedEditorAssemblies (382ms)
				LogAssemblyErrors (0ms)
				InitializePlatformSupportModulesInManaged (10ms)
				SetLoadedEditorAssemblies (1ms)
				RefreshPlugins (2ms)
				BeforeProcessingInitializeOnLoad (74ms)
				ProcessInitializeOnLoadAttributes (180ms)
				ProcessInitializeOnLoadMethodAttributes (113ms)
				AfterProcessingInitializeOnLoad (2ms)
				EditorAssembliesLoaded (0ms)
			ExecutionOrderSort2 (0ms)
			AwakeInstancesAfterBackupRestoration (22ms)
Platform modules already initialized, skipping
Refreshing native plugins compatible for Editor in 4.03 ms, found 4 plugins.
Preloading 0 native plugins for Editor in 0.00 ms.
Unloading 4452 Unused Serialized files (Serialized files now loaded: 0)
Unloading 59 unused Assets / (195.6 KB). Loaded Objects now: 5019.
Memory consumption went from 168.1 MB to 167.9 MB.
Total: 6.380800 ms (FindLiveObjects: 0.376400 ms CreateObjectMapping: 0.112800 ms MarkObjects: 5.722400 ms  DeleteObjects: 0.167000 ms)

AssetImportParameters requested are different than current active one (requested -> active):
  custom:video-decoder-ogg-theora: a1e56fd34408186e4bbccfd4996cb3dc -> 
  custom:container-muxer-webm: aa71ff27fc2769a1b78a27578f13a17b -> 
  custom:container-demuxer-webm: 4f35f7cbe854078d1ac9338744f61a02 -> 
  custom:video-encoder-webm-vp8: eb34c28f22e8b96e1ab97ce403110664 -> 
  custom:audio-encoder-webm-vorbis: bf7c407c2cedff20999df2af8eb42d56 -> 
  custom:framework-win-MediaFoundation: 216162199b28c13a410421893ffa2e32 -> 
  custom:container-demuxer-ogg: 62fdf1f143b41e24485cea50d1cbac27 -> 
  custom:video-decoder-webm-vp8: 9c59270c3fd7afecdb556c50c9e8de78 -> 
  custom:audio-decoder-ogg-vorbis: bf7c407c2cedff20999df2af8eb42d56 -> 
========================================================================
Received Prepare
Registering precompiled user dll's ...
Registered in 0.008384 seconds.
Begin MonoManager ReloadAssembly
Symbol file LoadedFromMemory doesn't match image D:\Projects\Game Development\Protos 1\Library\PackageCache\com.unity.visualscripting@1.7.7\Editor\VisualScripting.Core\Dependencies\DotNetZip\Unity.VisualScripting.IonicZip.dll
Symbol file LoadedFromMemory doesn't match image D:\Projects\Game Development\Protos 1\Library\PackageCache\com.unity.visualscripting@1.7.7\Editor\VisualScripting.Core\Dependencies\YamlDotNet\Unity.VisualScripting.YamlDotNet.dll
Native extension for WindowsStandalone target not found
Refreshing native plugins compatible for Editor in 1.29 ms, found 4 plugins.
Preloading 0 native plugins for Editor in 0.00 ms.
Mono: successfully reloaded assembly
- Completed reload, in  1.409 seconds
Domain Reload Profiling:
	ReloadAssembly (1410ms)
		BeginReloadAssembly (153ms)
			ExecutionOrderSort (0ms)
			DisableScriptedObjects (9ms)
			BackupInstance (0ms)
			ReleaseScriptingObjects (0ms)
			CreateAndSetChildDomain (46ms)
		EndReloadAssembly (1156ms)
			LoadAssemblies (111ms)
			RebuildTransferFunctionScriptingTraits (0ms)
			SetupTypeCache (371ms)
			ReleaseScriptCaches (2ms)
			RebuildScriptCaches (57ms)
			SetupLoadedEditorAssemblies (401ms)
				LogAssemblyErrors (0ms)
				InitializePlatformSupportModulesInManaged (9ms)
				SetLoadedEditorAssemblies (0ms)
				RefreshPlugins (1ms)
				BeforeProcessingInitializeOnLoad (73ms)
				ProcessInitializeOnLoadAttributes (194ms)
				ProcessInitializeOnLoadMethodAttributes (120ms)
				AfterProcessingInitializeOnLoad (3ms)
				EditorAssembliesLoaded (0ms)
			ExecutionOrderSort2 (0ms)
			AwakeInstancesAfterBackupRestoration (23ms)
Platform modules already initialized, skipping
Refreshing native plugins compatible for Editor in 4.03 ms, found 4 plugins.
Preloading 0 native plugins for Editor in 0.00 ms.
Unloading 4452 Unused Serialized files (Serialized files now loaded: 0)
Unloading 59 unused Assets / (195.7 KB). Loaded Objects now: 5022.
Memory consumption went from 168.1 MB to 167.9 MB.
Total: 7.558100 ms (FindLiveObjects: 0.398200 ms CreateObjectMapping: 0.112700 ms MarkObjects: 6.860200 ms  DeleteObjects: 0.185700 ms)

AssetImportParameters requested are different than current active one (requested -> active):
  custom:video-decoder-ogg-theora: a1e56fd34408186e4bbccfd4996cb3dc -> 
  custom:container-muxer-webm: aa71ff27fc2769a1b78a27578f13a17b -> 
  custom:container-demuxer-webm: 4f35f7cbe854078d1ac9338744f61a02 -> 
  custom:video-encoder-webm-vp8: eb34c28f22e8b96e1ab97ce403110664 -> 
  custom:audio-encoder-webm-vorbis: bf7c407c2cedff20999df2af8eb42d56 -> 
  custom:framework-win-MediaFoundation: 216162199b28c13a410421893ffa2e32 -> 
  custom:container-demuxer-ogg: 62fdf1f143b41e24485cea50d1cbac27 -> 
  custom:video-decoder-webm-vp8: 9c59270c3fd7afecdb556c50c9e8de78 -> 
  custom:audio-decoder-ogg-vorbis: bf7c407c2cedff20999df2af8eb42d56 -> 
========================================================================
Received Prepare
Registering precompiled user dll's ...
Registered in 0.009068 seconds.
Begin MonoManager ReloadAssembly
Symbol file LoadedFromMemory doesn't match image D:\Projects\Game Development\Protos 1\Library\PackageCache\com.unity.visualscripting@1.7.7\Editor\VisualScripting.Core\Dependencies\DotNetZip\Unity.VisualScripting.IonicZip.dll
Symbol file LoadedFromMemory doesn't match image D:\Projects\Game Development\Protos 1\Library\PackageCache\com.unity.visualscripting@1.7.7\Editor\VisualScripting.Core\Dependencies\YamlDotNet\Unity.VisualScripting.YamlDotNet.dll
Native extension for WindowsStandalone target not found
Refreshing native plugins compatible for Editor in 1.11 ms, found 4 plugins.
Preloading 0 native plugins for Editor in 0.00 ms.
Mono: successfully reloaded assembly
- Completed reload, in  1.397 seconds
Domain Reload Profiling:
	ReloadAssembly (1398ms)
		BeginReloadAssembly (167ms)
			ExecutionOrderSort (0ms)
			DisableScriptedObjects (8ms)
			BackupInstance (0ms)
			ReleaseScriptingObjects (0ms)
			CreateAndSetChildDomain (49ms)
		EndReloadAssembly (1134ms)
			LoadAssemblies (121ms)
			RebuildTransferFunctionScriptingTraits (0ms)
			SetupTypeCache (344ms)
			ReleaseScriptCaches (2ms)
			RebuildScriptCaches (47ms)
			SetupLoadedEditorAssemblies (413ms)
				LogAssemblyErrors (0ms)
				InitializePlatformSupportModulesInManaged (10ms)
				SetLoadedEditorAssemblies (0ms)
				RefreshPlugins (1ms)
				BeforeProcessingInitializeOnLoad (66ms)
				ProcessInitializeOnLoadAttributes (215ms)
				ProcessInitializeOnLoadMethodAttributes (118ms)
				AfterProcessingInitializeOnLoad (2ms)
				EditorAssembliesLoaded (0ms)
			ExecutionOrderSort2 (0ms)
			AwakeInstancesAfterBackupRestoration (24ms)
Platform modules already initialized, skipping
Refreshing native plugins compatible for Editor in 3.69 ms, found 4 plugins.
Preloading 0 native plugins for Editor in 0.00 ms.
Unloading 4452 Unused Serialized files (Serialized files now loaded: 0)
Unloading 59 unused Assets / (195.7 KB). Loaded Objects now: 5025.
Memory consumption went from 168.1 MB to 167.9 MB.
Total: 6.826300 ms (FindLiveObjects: 0.382300 ms CreateObjectMapping: 0.111100 ms MarkObjects: 6.161000 ms  DeleteObjects: 0.170400 ms)

AssetImportParameters requested are different than current active one (requested -> active):
  custom:video-decoder-ogg-theora: a1e56fd34408186e4bbccfd4996cb3dc -> 
  custom:container-muxer-webm: aa71ff27fc2769a1b78a27578f13a17b -> 
  custom:container-demuxer-webm: 4f35f7cbe854078d1ac9338744f61a02 -> 
  custom:video-encoder-webm-vp8: eb34c28f22e8b96e1ab97ce403110664 -> 
  custom:audio-encoder-webm-vorbis: bf7c407c2cedff20999df2af8eb42d56 -> 
  custom:framework-win-MediaFoundation: 216162199b28c13a410421893ffa2e32 -> 
  custom:container-demuxer-ogg: 62fdf1f143b41e24485cea50d1cbac27 -> 
  custom:video-decoder-webm-vp8: 9c59270c3fd7afecdb556c50c9e8de78 -> 
  custom:audio-decoder-ogg-vorbis: bf7c407c2cedff20999df2af8eb42d56 -> 
========================================================================
Received Import Request.
  Time since last request: 714.206800 seconds.
  path: Assets/Prefabs/MrClockwork.prefab
  artifactKey: Guid(87747983899cbed4a9c6c802c994af4f) Importer(815301076,1909f56bfc062723c751e8b465ee728b)
Start importing Assets/Prefabs/MrClockwork.prefab using Guid(87747983899cbed4a9c6c802c994af4f) Importer(815301076,1909f56bfc062723c751e8b465ee728b)  -> (artifact id: '86bd2b47c0b95c3e30118ecba2811463') in 0.056114 seconds 
========================================================================
Received Import Request.
  Time since last request: 223.830221 seconds.
  path: Assets/Art/Sprites/Environmnent/Damageable.png
  artifactKey: Guid(0e15259342e82ee4f813807e5b28c0f3) Importer(815301076,1909f56bfc062723c751e8b465ee728b)
Start importing Assets/Art/Sprites/Environmnent/Damageable.png using Guid(0e15259342e82ee4f813807e5b28c0f3) Importer(815301076,1909f56bfc062723c751e8b465ee728b)  -> (artifact id: '5d57221ac15c1946d0950b9fb141d01b') in 0.036597 seconds 
========================================================================
Received Import Request.
  Time since last request: 34.670195 seconds.
  path: Assets/Art/Sprites/Environmnent/Damageable.png
  artifactKey: Guid(0e15259342e82ee4f813807e5b28c0f3) Importer(815301076,1909f56bfc062723c751e8b465ee728b)
Start importing Assets/Art/Sprites/Environmnent/Damageable.png using Guid(0e15259342e82ee4f813807e5b28c0f3) Importer(815301076,1909f56bfc062723c751e8b465ee728b)  -> (artifact id: '48a70273418254cf4240f82354bde237') in 0.021599 seconds 
========================================================================
Received Prepare
Registering precompiled user dll's ...
Registered in 0.008558 seconds.
Begin MonoManager ReloadAssembly
Symbol file LoadedFromMemory doesn't match image D:\Projects\Game Development\Protos 1\Library\PackageCache\com.unity.visualscripting@1.7.7\Editor\VisualScripting.Core\Dependencies\DotNetZip\Unity.VisualScripting.IonicZip.dll
Symbol file LoadedFromMemory doesn't match image D:\Projects\Game Development\Protos 1\Library\PackageCache\com.unity.visualscripting@1.7.7\Editor\VisualScripting.Core\Dependencies\YamlDotNet\Unity.VisualScripting.YamlDotNet.dll
Native extension for WindowsStandalone target not found
Refreshing native plugins compatible for Editor in 1.44 ms, found 4 plugins.
Preloading 0 native plugins for Editor in 0.00 ms.
Mono: successfully reloaded assembly
- Completed reload, in  1.421 seconds
Domain Reload Profiling:
	ReloadAssembly (1422ms)
		BeginReloadAssembly (154ms)
			ExecutionOrderSort (0ms)
			DisableScriptedObjects (7ms)
			BackupInstance (0ms)
			ReleaseScriptingObjects (0ms)
			CreateAndSetChildDomain (50ms)
		EndReloadAssembly (1177ms)
			LoadAssemblies (103ms)
			RebuildTransferFunctionScriptingTraits (0ms)
			SetupTypeCache (364ms)
			ReleaseScriptCaches (3ms)
			RebuildScriptCaches (68ms)
			SetupLoadedEditorAssemblies (407ms)
				LogAssemblyErrors (0ms)
				InitializePlatformSupportModulesInManaged (9ms)
				SetLoadedEditorAssemblies (0ms)
				RefreshPlugins (2ms)
				BeforeProcessingInitializeOnLoad (72ms)
				ProcessInitializeOnLoadAttributes (200ms)
				ProcessInitializeOnLoadMethodAttributes (122ms)
				AfterProcessingInitializeOnLoad (2ms)
				EditorAssembliesLoaded (0ms)
			ExecutionOrderSort2 (0ms)
			AwakeInstancesAfterBackupRestoration (23ms)
Platform modules already initialized, skipping
Refreshing native plugins compatible for Editor in 3.64 ms, found 4 plugins.
Preloading 0 native plugins for Editor in 0.00 ms.
Unloading 4452 Unused Serialized files (Serialized files now loaded: 0)
Unloading 59 unused Assets / (195.8 KB). Loaded Objects now: 5028.
Memory consumption went from 168.1 MB to 167.9 MB.
Total: 7.641800 ms (FindLiveObjects: 0.360800 ms CreateObjectMapping: 0.110500 ms MarkObjects: 6.997900 ms  DeleteObjects: 0.170900 ms)

AssetImportParameters requested are different than current active one (requested -> active):
  custom:video-decoder-ogg-theora: a1e56fd34408186e4bbccfd4996cb3dc -> 
  custom:container-muxer-webm: aa71ff27fc2769a1b78a27578f13a17b -> 
  custom:container-demuxer-webm: 4f35f7cbe854078d1ac9338744f61a02 -> 
  custom:video-encoder-webm-vp8: eb34c28f22e8b96e1ab97ce403110664 -> 
  custom:audio-encoder-webm-vorbis: bf7c407c2cedff20999df2af8eb42d56 -> 
  custom:framework-win-MediaFoundation: 216162199b28c13a410421893ffa2e32 -> 
  custom:container-demuxer-ogg: 62fdf1f143b41e24485cea50d1cbac27 -> 
  custom:video-decoder-webm-vp8: 9c59270c3fd7afecdb556c50c9e8de78 -> 
  custom:audio-decoder-ogg-vorbis: bf7c407c2cedff20999df2af8eb42d56 -> 
========================================================================
Received Import Request.
  Time since last request: 64.332201 seconds.
  path: Assets/Art/Sprites/Environmnent/GrassSmall.png
  artifactKey: Guid(8f629954bb45aa74a8bf21f8e6b95975) Importer(815301076,1909f56bfc062723c751e8b465ee728b)
Start importing Assets/Art/Sprites/Environmnent/GrassSmall.png using Guid(8f629954bb45aa74a8bf21f8e6b95975) Importer(815301076,1909f56bfc062723c751e8b465ee728b)  -> (artifact id: 'b5c008f29d5b31d2215ca3d95d3668b5') in 0.057672 seconds 
========================================================================
Received Import Request.
  Time since last request: 4.288644 seconds.
  path: Assets/Prefabs/Damageable.prefab
  artifactKey: Guid(2ec1860633bc8b140b903f77d2ce2119) Importer(815301076,1909f56bfc062723c751e8b465ee728b)
Start importing Assets/Prefabs/Damageable.prefab using Guid(2ec1860633bc8b140b903f77d2ce2119) Importer(815301076,1909f56bfc062723c751e8b465ee728b)  -> (artifact id: '68441640b730e0ca458e9a0700a446e3') in 0.027185 seconds 
========================================================================
Received Import Request.
  Time since last request: 36.751962 seconds.
  path: Assets/Prefabs/Damageable.prefab
  artifactKey: Guid(2ec1860633bc8b140b903f77d2ce2119) Importer(815301076,1909f56bfc062723c751e8b465ee728b)
Start importing Assets/Prefabs/Damageable.prefab using Guid(2ec1860633bc8b140b903f77d2ce2119) Importer(815301076,1909f56bfc062723c751e8b465ee728b)  -> (artifact id: '78f422a8f3ca8d5ec8942711d270ee1d') in 0.013535 seconds 
========================================================================
Received Prepare
Registering precompiled user dll's ...
Registered in 0.008410 seconds.
Begin MonoManager ReloadAssembly
Symbol file LoadedFromMemory doesn't match image D:\Projects\Game Development\Protos 1\Library\PackageCache\com.unity.visualscripting@1.7.7\Editor\VisualScripting.Core\Dependencies\DotNetZip\Unity.VisualScripting.IonicZip.dll
Symbol file LoadedFromMemory doesn't match image D:\Projects\Game Development\Protos 1\Library\PackageCache\com.unity.visualscripting@1.7.7\Editor\VisualScripting.Core\Dependencies\YamlDotNet\Unity.VisualScripting.YamlDotNet.dll
Native extension for WindowsStandalone target not found
Refreshing native plugins compatible for Editor in 1.65 ms, found 4 plugins.
Preloading 0 native plugins for Editor in 0.00 ms.
Mono: successfully reloaded assembly
- Completed reload, in  1.364 seconds
Domain Reload Profiling:
	ReloadAssembly (1365ms)
		BeginReloadAssembly (149ms)
			ExecutionOrderSort (0ms)
			DisableScriptedObjects (5ms)
			BackupInstance (0ms)
			ReleaseScriptingObjects (0ms)
			CreateAndSetChildDomain (47ms)
		EndReloadAssembly (1123ms)
			LoadAssemblies (102ms)
			RebuildTransferFunctionScriptingTraits (0ms)
			SetupTypeCache (345ms)
			ReleaseScriptCaches (2ms)
			RebuildScriptCaches (51ms)
			SetupLoadedEditorAssemblies (401ms)
				LogAssemblyErrors (0ms)
				InitializePlatformSupportModulesInManaged (11ms)
				SetLoadedEditorAssemblies (0ms)
				RefreshPlugins (2ms)
				BeforeProcessingInitializeOnLoad (81ms)
				ProcessInitializeOnLoadAttributes (186ms)
				ProcessInitializeOnLoadMethodAttributes (117ms)
				AfterProcessingInitializeOnLoad (3ms)
				EditorAssembliesLoaded (0ms)
			ExecutionOrderSort2 (0ms)
			AwakeInstancesAfterBackupRestoration (23ms)
Platform modules already initialized, skipping
Refreshing native plugins compatible for Editor in 4.00 ms, found 4 plugins.
Preloading 0 native plugins for Editor in 0.00 ms.
Unloading 4452 Unused Serialized files (Serialized files now loaded: 0)
Unloading 59 unused Assets / (195.8 KB). Loaded Objects now: 5033.
Memory consumption went from 168.1 MB to 167.9 MB.
Total: 7.682100 ms (FindLiveObjects: 0.457500 ms CreateObjectMapping: 0.130600 ms MarkObjects: 6.864200 ms  DeleteObjects: 0.227700 ms)

AssetImportParameters requested are different than current active one (requested -> active):
  custom:video-decoder-ogg-theora: a1e56fd34408186e4bbccfd4996cb3dc -> 
  custom:container-muxer-webm: aa71ff27fc2769a1b78a27578f13a17b -> 
  custom:container-demuxer-webm: 4f35f7cbe854078d1ac9338744f61a02 -> 
  custom:video-encoder-webm-vp8: eb34c28f22e8b96e1ab97ce403110664 -> 
  custom:audio-encoder-webm-vorbis: bf7c407c2cedff20999df2af8eb42d56 -> 
  custom:framework-win-MediaFoundation: 216162199b28c13a410421893ffa2e32 -> 
  custom:container-demuxer-ogg: 62fdf1f143b41e24485cea50d1cbac27 -> 
  custom:video-decoder-webm-vp8: 9c59270c3fd7afecdb556c50c9e8de78 -> 
  custom:audio-decoder-ogg-vorbis: bf7c407c2cedff20999df2af8eb42d56 -> 
========================================================================
Received Import Request.
  Time since last request: 30.502557 seconds.
  path: Assets/Prefabs/Damageable.prefab
  artifactKey: Guid(2ec1860633bc8b140b903f77d2ce2119) Importer(815301076,1909f56bfc062723c751e8b465ee728b)
Start importing Assets/Prefabs/Damageable.prefab using Guid(2ec1860633bc8b140b903f77d2ce2119) Importer(815301076,1909f56bfc062723c751e8b465ee728b)  -> (artifact id: '79f34e4b4cd52abc99275948267802c2') in 0.054886 seconds 
========================================================================
Received Import Request.
  Time since last request: 6.550794 seconds.
  path: Assets/Prefabs/Damageable.prefab
  artifactKey: Guid(2ec1860633bc8b140b903f77d2ce2119) Importer(815301076,1909f56bfc062723c751e8b465ee728b)
Start importing Assets/Prefabs/Damageable.prefab using Guid(2ec1860633bc8b140b903f77d2ce2119) Importer(815301076,1909f56bfc062723c751e8b465ee728b)  -> (artifact id: '082f4138a88bbd91f1752a55fd2e04a1') in 0.014789 seconds 
========================================================================
Received Prepare
Registering precompiled user dll's ...
Registered in 0.008318 seconds.
Begin MonoManager ReloadAssembly
Symbol file LoadedFromMemory doesn't match image D:\Projects\Game Development\Protos 1\Library\PackageCache\com.unity.visualscripting@1.7.7\Editor\VisualScripting.Core\Dependencies\DotNetZip\Unity.VisualScripting.IonicZip.dll
Symbol file LoadedFromMemory doesn't match image D:\Projects\Game Development\Protos 1\Library\PackageCache\com.unity.visualscripting@1.7.7\Editor\VisualScripting.Core\Dependencies\YamlDotNet\Unity.VisualScripting.YamlDotNet.dll
Native extension for WindowsStandalone target not found
Refreshing native plugins compatible for Editor in 1.58 ms, found 4 plugins.
Preloading 0 native plugins for Editor in 0.00 ms.
Mono: successfully reloaded assembly
- Completed reload, in  1.375 seconds
Domain Reload Profiling:
	ReloadAssembly (1375ms)
		BeginReloadAssembly (147ms)
			ExecutionOrderSort (0ms)
			DisableScriptedObjects (5ms)
			BackupInstance (0ms)
			ReleaseScriptingObjects (0ms)
			CreateAndSetChildDomain (45ms)
		EndReloadAssembly (1142ms)
			LoadAssemblies (98ms)
			RebuildTransferFunctionScriptingTraits (0ms)
			SetupTypeCache (370ms)
			ReleaseScriptCaches (2ms)
			RebuildScriptCaches (55ms)
			SetupLoadedEditorAssemblies (408ms)
				LogAssemblyErrors (0ms)
				InitializePlatformSupportModulesInManaged (11ms)
				SetLoadedEditorAssemblies (0ms)
				RefreshPlugins (2ms)
				BeforeProcessingInitializeOnLoad (71ms)
				ProcessInitializeOnLoadAttributes (200ms)
				ProcessInitializeOnLoadMethodAttributes (121ms)
				AfterProcessingInitializeOnLoad (3ms)
				EditorAssembliesLoaded (0ms)
			ExecutionOrderSort2 (0ms)
			AwakeInstancesAfterBackupRestoration (22ms)
Platform modules already initialized, skipping
Refreshing native plugins compatible for Editor in 3.99 ms, found 4 plugins.
Preloading 0 native plugins for Editor in 0.00 ms.
Unloading 4452 Unused Serialized files (Serialized files now loaded: 0)
Unloading 59 unused Assets / (195.7 KB). Loaded Objects now: 5036.
Memory consumption went from 168.1 MB to 167.9 MB.
Total: 6.343200 ms (FindLiveObjects: 0.399800 ms CreateObjectMapping: 0.115200 ms MarkObjects: 5.624400 ms  DeleteObjects: 0.202300 ms)

AssetImportParameters requested are different than current active one (requested -> active):
  custom:video-decoder-ogg-theora: a1e56fd34408186e4bbccfd4996cb3dc -> 
  custom:container-muxer-webm: aa71ff27fc2769a1b78a27578f13a17b -> 
  custom:container-demuxer-webm: 4f35f7cbe854078d1ac9338744f61a02 -> 
  custom:video-encoder-webm-vp8: eb34c28f22e8b96e1ab97ce403110664 -> 
  custom:audio-encoder-webm-vorbis: bf7c407c2cedff20999df2af8eb42d56 -> 
  custom:framework-win-MediaFoundation: 216162199b28c13a410421893ffa2e32 -> 
  custom:container-demuxer-ogg: 62fdf1f143b41e24485cea50d1cbac27 -> 
  custom:video-decoder-webm-vp8: 9c59270c3fd7afecdb556c50c9e8de78 -> 
  custom:audio-decoder-ogg-vorbis: bf7c407c2cedff20999df2af8eb42d56 -> 
========================================================================
Received Prepare
Registering precompiled user dll's ...
Registered in 0.008263 seconds.
Begin MonoManager ReloadAssembly
Symbol file LoadedFromMemory doesn't match image D:\Projects\Game Development\Protos 1\Library\PackageCache\com.unity.visualscripting@1.7.7\Editor\VisualScripting.Core\Dependencies\DotNetZip\Unity.VisualScripting.IonicZip.dll
Symbol file LoadedFromMemory doesn't match image D:\Projects\Game Development\Protos 1\Library\PackageCache\com.unity.visualscripting@1.7.7\Editor\VisualScripting.Core\Dependencies\YamlDotNet\Unity.VisualScripting.YamlDotNet.dll
Native extension for WindowsStandalone target not found
Refreshing native plugins compatible for Editor in 1.48 ms, found 4 plugins.
Preloading 0 native plugins for Editor in 0.00 ms.
Mono: successfully reloaded assembly
- Completed reload, in  1.382 seconds
Domain Reload Profiling:
	ReloadAssembly (1383ms)
		BeginReloadAssembly (156ms)
			ExecutionOrderSort (0ms)
			DisableScriptedObjects (7ms)
			BackupInstance (0ms)
			ReleaseScriptingObjects (0ms)
			CreateAndSetChildDomain (48ms)
		EndReloadAssembly (1132ms)
			LoadAssemblies (108ms)
			RebuildTransferFunctionScriptingTraits (0ms)
			SetupTypeCache (352ms)
			ReleaseScriptCaches (2ms)
			RebuildScriptCaches (45ms)
			SetupLoadedEditorAssemblies (422ms)
				LogAssemblyErrors (0ms)
				InitializePlatformSupportModulesInManaged (11ms)
				SetLoadedEditorAssemblies (0ms)
				RefreshPlugins (2ms)
				BeforeProcessingInitializeOnLoad (76ms)
				ProcessInitializeOnLoadAttributes (208ms)
				ProcessInitializeOnLoadMethodAttributes (122ms)
				AfterProcessingInitializeOnLoad (3ms)
				EditorAssembliesLoaded (0ms)
			ExecutionOrderSort2 (0ms)
			AwakeInstancesAfterBackupRestoration (25ms)
Platform modules already initialized, skipping
Refreshing native plugins compatible for Editor in 3.91 ms, found 4 plugins.
Preloading 0 native plugins for Editor in 0.00 ms.
Unloading 4452 Unused Serialized files (Serialized files now loaded: 0)
Unloading 59 unused Assets / (195.6 KB). Loaded Objects now: 5039.
Memory consumption went from 168.1 MB to 168.0 MB.
Total: 6.355500 ms (FindLiveObjects: 0.358500 ms CreateObjectMapping: 0.110500 ms MarkObjects: 5.719900 ms  DeleteObjects: 0.165000 ms)

AssetImportParameters requested are different than current active one (requested -> active):
  custom:video-decoder-ogg-theora: a1e56fd34408186e4bbccfd4996cb3dc -> 
  custom:container-muxer-webm: aa71ff27fc2769a1b78a27578f13a17b -> 
  custom:container-demuxer-webm: 4f35f7cbe854078d1ac9338744f61a02 -> 
  custom:video-encoder-webm-vp8: eb34c28f22e8b96e1ab97ce403110664 -> 
  custom:audio-encoder-webm-vorbis: bf7c407c2cedff20999df2af8eb42d56 -> 
  custom:framework-win-MediaFoundation: 216162199b28c13a410421893ffa2e32 -> 
  custom:container-demuxer-ogg: 62fdf1f143b41e24485cea50d1cbac27 -> 
  custom:video-decoder-webm-vp8: 9c59270c3fd7afecdb556c50c9e8de78 -> 
  custom:audio-decoder-ogg-vorbis: bf7c407c2cedff20999df2af8eb42d56 -> 
========================================================================
Received Prepare
Registering precompiled user dll's ...
Registered in 0.007203 seconds.
Begin MonoManager ReloadAssembly
Symbol file LoadedFromMemory doesn't match image D:\Projects\Game Development\Protos 1\Library\PackageCache\com.unity.visualscripting@1.7.7\Editor\VisualScripting.Core\Dependencies\DotNetZip\Unity.VisualScripting.IonicZip.dll
Symbol file LoadedFromMemory doesn't match image D:\Projects\Game Development\Protos 1\Library\PackageCache\com.unity.visualscripting@1.7.7\Editor\VisualScripting.Core\Dependencies\YamlDotNet\Unity.VisualScripting.YamlDotNet.dll
Native extension for WindowsStandalone target not found
Refreshing native plugins compatible for Editor in 1.26 ms, found 4 plugins.
Preloading 0 native plugins for Editor in 0.00 ms.
Mono: successfully reloaded assembly
- Completed reload, in  1.386 seconds
Domain Reload Profiling:
	ReloadAssembly (1386ms)
		BeginReloadAssembly (143ms)
			ExecutionOrderSort (0ms)
			DisableScriptedObjects (6ms)
			BackupInstance (0ms)
			ReleaseScriptingObjects (0ms)
			CreateAndSetChildDomain (44ms)
		EndReloadAssembly (1153ms)
			LoadAssemblies (100ms)
			RebuildTransferFunctionScriptingTraits (0ms)
			SetupTypeCache (362ms)
			ReleaseScriptCaches (2ms)
			RebuildScriptCaches (67ms)
			SetupLoadedEditorAssemblies (395ms)
				LogAssemblyErrors (0ms)
				InitializePlatformSupportModulesInManaged (11ms)
				SetLoadedEditorAssemblies (0ms)
				RefreshPlugins (1ms)
				BeforeProcessingInitializeOnLoad (73ms)
				ProcessInitializeOnLoadAttributes (191ms)
				ProcessInitializeOnLoadMethodAttributes (116ms)
				AfterProcessingInitializeOnLoad (2ms)
				EditorAssembliesLoaded (0ms)
			ExecutionOrderSort2 (0ms)
			AwakeInstancesAfterBackupRestoration (25ms)
Platform modules already initialized, skipping
Refreshing native plugins compatible for Editor in 3.54 ms, found 4 plugins.
Preloading 0 native plugins for Editor in 0.00 ms.
Unloading 4452 Unused Serialized files (Serialized files now loaded: 0)
Unloading 59 unused Assets / (195.7 KB). Loaded Objects now: 5042.
Memory consumption went from 168.2 MB to 168.0 MB.
Total: 7.519100 ms (FindLiveObjects: 0.406600 ms CreateObjectMapping: 0.122100 ms MarkObjects: 6.767700 ms  DeleteObjects: 0.221400 ms)

AssetImportParameters requested are different than current active one (requested -> active):
  custom:video-decoder-ogg-theora: a1e56fd34408186e4bbccfd4996cb3dc -> 
  custom:container-muxer-webm: aa71ff27fc2769a1b78a27578f13a17b -> 
  custom:container-demuxer-webm: 4f35f7cbe854078d1ac9338744f61a02 -> 
  custom:video-encoder-webm-vp8: eb34c28f22e8b96e1ab97ce403110664 -> 
  custom:audio-encoder-webm-vorbis: bf7c407c2cedff20999df2af8eb42d56 -> 
  custom:framework-win-MediaFoundation: 216162199b28c13a410421893ffa2e32 -> 
  custom:container-demuxer-ogg: 62fdf1f143b41e24485cea50d1cbac27 -> 
  custom:video-decoder-webm-vp8: 9c59270c3fd7afecdb556c50c9e8de78 -> 
  custom:audio-decoder-ogg-vorbis: bf7c407c2cedff20999df2af8eb42d56 -> 
========================================================================
Received Prepare
Registering precompiled user dll's ...
Registered in 0.007903 seconds.
Begin MonoManager ReloadAssembly
Symbol file LoadedFromMemory doesn't match image D:\Projects\Game Development\Protos 1\Library\PackageCache\com.unity.visualscripting@1.7.7\Editor\VisualScripting.Core\Dependencies\DotNetZip\Unity.VisualScripting.IonicZip.dll
Symbol file LoadedFromMemory doesn't match image D:\Projects\Game Development\Protos 1\Library\PackageCache\com.unity.visualscripting@1.7.7\Editor\VisualScripting.Core\Dependencies\YamlDotNet\Unity.VisualScripting.YamlDotNet.dll
Native extension for WindowsStandalone target not found
Refreshing native plugins compatible for Editor in 1.33 ms, found 4 plugins.
Preloading 0 native plugins for Editor in 0.00 ms.
Mono: successfully reloaded assembly
- Completed reload, in  1.416 seconds
Domain Reload Profiling:
	ReloadAssembly (1418ms)
		BeginReloadAssembly (150ms)
			ExecutionOrderSort (0ms)
			DisableScriptedObjects (6ms)
			BackupInstance (0ms)
			ReleaseScriptingObjects (0ms)
			CreateAndSetChildDomain (46ms)
		EndReloadAssembly (1177ms)
			LoadAssemblies (104ms)
			RebuildTransferFunctionScriptingTraits (0ms)
			SetupTypeCache (392ms)
			ReleaseScriptCaches (2ms)
			RebuildScriptCaches (63ms)
			SetupLoadedEditorAssemblies (394ms)
				LogAssemblyErrors (0ms)
				InitializePlatformSupportModulesInManaged (10ms)
				SetLoadedEditorAssemblies (0ms)
				RefreshPlugins (1ms)
				BeforeProcessingInitializeOnLoad (71ms)
				ProcessInitializeOnLoadAttributes (197ms)
				ProcessInitializeOnLoadMethodAttributes (111ms)
				AfterProcessingInitializeOnLoad (3ms)
				EditorAssembliesLoaded (0ms)
			ExecutionOrderSort2 (0ms)
			AwakeInstancesAfterBackupRestoration (22ms)
Platform modules already initialized, skipping
Refreshing native plugins compatible for Editor in 4.65 ms, found 4 plugins.
Preloading 0 native plugins for Editor in 0.00 ms.
Unloading 4452 Unused Serialized files (Serialized files now loaded: 0)
Unloading 59 unused Assets / (195.7 KB). Loaded Objects now: 5045.
Memory consumption went from 168.2 MB to 168.0 MB.
Total: 6.022700 ms (FindLiveObjects: 0.360000 ms CreateObjectMapping: 0.099600 ms MarkObjects: 5.395900 ms  DeleteObjects: 0.166000 ms)

AssetImportParameters requested are different than current active one (requested -> active):
  custom:video-decoder-ogg-theora: a1e56fd34408186e4bbccfd4996cb3dc -> 
  custom:container-muxer-webm: aa71ff27fc2769a1b78a27578f13a17b -> 
  custom:container-demuxer-webm: 4f35f7cbe854078d1ac9338744f61a02 -> 
  custom:video-encoder-webm-vp8: eb34c28f22e8b96e1ab97ce403110664 -> 
  custom:audio-encoder-webm-vorbis: bf7c407c2cedff20999df2af8eb42d56 -> 
  custom:framework-win-MediaFoundation: 216162199b28c13a410421893ffa2e32 -> 
  custom:container-demuxer-ogg: 62fdf1f143b41e24485cea50d1cbac27 -> 
  custom:video-decoder-webm-vp8: 9c59270c3fd7afecdb556c50c9e8de78 -> 
  custom:audio-decoder-ogg-vorbis: bf7c407c2cedff20999df2af8eb42d56 -> 
========================================================================
Received Prepare
Registering precompiled user dll's ...
Registered in 0.009009 seconds.
Begin MonoManager ReloadAssembly
Symbol file LoadedFromMemory doesn't match image D:\Projects\Game Development\Protos 1\Library\PackageCache\com.unity.visualscripting@1.7.7\Editor\VisualScripting.Core\Dependencies\DotNetZip\Unity.VisualScripting.IonicZip.dll
Symbol file LoadedFromMemory doesn't match image D:\Projects\Game Development\Protos 1\Library\PackageCache\com.unity.visualscripting@1.7.7\Editor\VisualScripting.Core\Dependencies\YamlDotNet\Unity.VisualScripting.YamlDotNet.dll
Native extension for WindowsStandalone target not found
Refreshing native plugins compatible for Editor in 1.43 ms, found 4 plugins.
Preloading 0 native plugins for Editor in 0.00 ms.
Mono: successfully reloaded assembly
- Completed reload, in  1.382 seconds
Domain Reload Profiling:
	ReloadAssembly (1383ms)
		BeginReloadAssembly (150ms)
			ExecutionOrderSort (0ms)
			DisableScriptedObjects (7ms)
			BackupInstance (0ms)
			ReleaseScriptingObjects (0ms)
			CreateAndSetChildDomain (44ms)
		EndReloadAssembly (1138ms)
			LoadAssemblies (105ms)
			RebuildTransferFunctionScriptingTraits (0ms)
			SetupTypeCache (364ms)
			ReleaseScriptCaches (2ms)
			RebuildScriptCaches (52ms)
			SetupLoadedEditorAssemblies (401ms)
				LogAssemblyErrors (0ms)
				InitializePlatformSupportModulesInManaged (9ms)
				SetLoadedEditorAssemblies (0ms)
				RefreshPlugins (2ms)
				BeforeProcessingInitializeOnLoad (73ms)
				ProcessInitializeOnLoadAttributes (197ms)
				ProcessInitializeOnLoadMethodAttributes (117ms)
				AfterProcessingInitializeOnLoad (3ms)
				EditorAssembliesLoaded (0ms)
			ExecutionOrderSort2 (0ms)
			AwakeInstancesAfterBackupRestoration (21ms)
Platform modules already initialized, skipping
Refreshing native plugins compatible for Editor in 3.87 ms, found 4 plugins.
Preloading 0 native plugins for Editor in 0.00 ms.
Unloading 4452 Unused Serialized files (Serialized files now loaded: 0)
Unloading 59 unused Assets / (195.7 KB). Loaded Objects now: 5048.
Memory consumption went from 168.2 MB to 168.0 MB.
Total: 7.226900 ms (FindLiveObjects: 0.396800 ms CreateObjectMapping: 0.329400 ms MarkObjects: 6.340600 ms  DeleteObjects: 0.158500 ms)

AssetImportParameters requested are different than current active one (requested -> active):
  custom:video-decoder-ogg-theora: a1e56fd34408186e4bbccfd4996cb3dc -> 
  custom:container-muxer-webm: aa71ff27fc2769a1b78a27578f13a17b -> 
  custom:container-demuxer-webm: 4f35f7cbe854078d1ac9338744f61a02 -> 
  custom:video-encoder-webm-vp8: eb34c28f22e8b96e1ab97ce403110664 -> 
  custom:audio-encoder-webm-vorbis: bf7c407c2cedff20999df2af8eb42d56 -> 
  custom:framework-win-MediaFoundation: 216162199b28c13a410421893ffa2e32 -> 
  custom:container-demuxer-ogg: 62fdf1f143b41e24485cea50d1cbac27 -> 
  custom:video-decoder-webm-vp8: 9c59270c3fd7afecdb556c50c9e8de78 -> 
  custom:audio-decoder-ogg-vorbis: bf7c407c2cedff20999df2af8eb42d56 -> 
========================================================================
Received Prepare
Registering precompiled user dll's ...
Registered in 0.008122 seconds.
Begin MonoManager ReloadAssembly
Symbol file LoadedFromMemory doesn't match image D:\Projects\Game Development\Protos 1\Library\PackageCache\com.unity.visualscripting@1.7.7\Editor\VisualScripting.Core\Dependencies\DotNetZip\Unity.VisualScripting.IonicZip.dll
Symbol file LoadedFromMemory doesn't match image D:\Projects\Game Development\Protos 1\Library\PackageCache\com.unity.visualscripting@1.7.7\Editor\VisualScripting.Core\Dependencies\YamlDotNet\Unity.VisualScripting.YamlDotNet.dll
Native extension for WindowsStandalone target not found
Refreshing native plugins compatible for Editor in 1.32 ms, found 4 plugins.
Preloading 0 native plugins for Editor in 0.00 ms.
Mono: successfully reloaded assembly
- Completed reload, in  1.382 seconds
Domain Reload Profiling:
	ReloadAssembly (1383ms)
		BeginReloadAssembly (152ms)
			ExecutionOrderSort (0ms)
			DisableScriptedObjects (6ms)
			BackupInstance (0ms)
			ReleaseScriptingObjects (0ms)
			CreateAndSetChildDomain (46ms)
		EndReloadAssembly (1139ms)
			LoadAssemblies (106ms)
			RebuildTransferFunctionScriptingTraits (0ms)
			SetupTypeCache (361ms)
			ReleaseScriptCaches (2ms)
			RebuildScriptCaches (51ms)
			SetupLoadedEditorAssemblies (406ms)
				LogAssemblyErrors (0ms)
				InitializePlatformSupportModulesInManaged (10ms)
				SetLoadedEditorAssemblies (0ms)
				RefreshPlugins (1ms)
				BeforeProcessingInitializeOnLoad (79ms)
				ProcessInitializeOnLoadAttributes (198ms)
				ProcessInitializeOnLoadMethodAttributes (115ms)
				AfterProcessingInitializeOnLoad (2ms)
				EditorAssembliesLoaded (0ms)
			ExecutionOrderSort2 (0ms)
			AwakeInstancesAfterBackupRestoration (25ms)
Platform modules already initialized, skipping
Refreshing native plugins compatible for Editor in 4.29 ms, found 4 plugins.
Preloading 0 native plugins for Editor in 0.00 ms.
Unloading 4452 Unused Serialized files (Serialized files now loaded: 0)
Unloading 59 unused Assets / (195.7 KB). Loaded Objects now: 5051.
Memory consumption went from 168.2 MB to 168.0 MB.
Total: 6.788700 ms (FindLiveObjects: 0.479000 ms CreateObjectMapping: 0.247600 ms MarkObjects: 5.870200 ms  DeleteObjects: 0.189800 ms)

AssetImportParameters requested are different than current active one (requested -> active):
  custom:video-decoder-ogg-theora: a1e56fd34408186e4bbccfd4996cb3dc -> 
  custom:container-muxer-webm: aa71ff27fc2769a1b78a27578f13a17b -> 
  custom:container-demuxer-webm: 4f35f7cbe854078d1ac9338744f61a02 -> 
  custom:video-encoder-webm-vp8: eb34c28f22e8b96e1ab97ce403110664 -> 
  custom:audio-encoder-webm-vorbis: bf7c407c2cedff20999df2af8eb42d56 -> 
  custom:framework-win-MediaFoundation: 216162199b28c13a410421893ffa2e32 -> 
  custom:container-demuxer-ogg: 62fdf1f143b41e24485cea50d1cbac27 -> 
  custom:video-decoder-webm-vp8: 9c59270c3fd7afecdb556c50c9e8de78 -> 
  custom:audio-decoder-ogg-vorbis: bf7c407c2cedff20999df2af8eb42d56 -> 
========================================================================
Received Import Request.
  Time since last request: 359.615582 seconds.
  path: Assets/Prefabs/Damageable.prefab
  artifactKey: Guid(2ec1860633bc8b140b903f77d2ce2119) Importer(815301076,1909f56bfc062723c751e8b465ee728b)
Start importing Assets/Prefabs/Damageable.prefab using Guid(2ec1860633bc8b140b903f77d2ce2119) Importer(815301076,1909f56bfc062723c751e8b465ee728b)  -> (artifact id: '4e408b6caeba65fed9d9b9a985f5123b') in 0.056216 seconds 
========================================================================
Received Import Request.
  Time since last request: 7.393950 seconds.
  path: Assets/Prefabs/MrClockwork.prefab
  artifactKey: Guid(87747983899cbed4a9c6c802c994af4f) Importer(815301076,1909f56bfc062723c751e8b465ee728b)
Start importing Assets/Prefabs/MrClockwork.prefab using Guid(87747983899cbed4a9c6c802c994af4f) Importer(815301076,1909f56bfc062723c751e8b465ee728b)  -> (artifact id: '22b02b8576979777ca23b8770ac149f8') in 0.012471 seconds 
========================================================================
Received Import Request.
  Time since last request: 12.086507 seconds.
  path: Assets/Prefabs/MrClockwork.prefab
  artifactKey: Guid(87747983899cbed4a9c6c802c994af4f) Importer(815301076,1909f56bfc062723c751e8b465ee728b)
Start importing Assets/Prefabs/MrClockwork.prefab using Guid(87747983899cbed4a9c6c802c994af4f) Importer(815301076,1909f56bfc062723c751e8b465ee728b)  -> (artifact id: '8f0ef3951d0a24f95b378354c69341c6') in 0.013241 seconds 
========================================================================
Received Import Request.
  Time since last request: 5.215537 seconds.
  path: Assets/Prefabs/MrClockwork.prefab
  artifactKey: Guid(87747983899cbed4a9c6c802c994af4f) Importer(815301076,1909f56bfc062723c751e8b465ee728b)
Start importing Assets/Prefabs/MrClockwork.prefab using Guid(87747983899cbed4a9c6c802c994af4f) Importer(815301076,1909f56bfc062723c751e8b465ee728b)  -> (artifact id: '61ddfa31c1777c1e30d7cbfbc02cddb4') in 0.011691 seconds 
========================================================================
Received Import Request.
  Time since last request: 10.086420 seconds.
  path: Assets/Prefabs/MrClockwork.prefab
  artifactKey: Guid(87747983899cbed4a9c6c802c994af4f) Importer(815301076,1909f56bfc062723c751e8b465ee728b)
Start importing Assets/Prefabs/MrClockwork.prefab using Guid(87747983899cbed4a9c6c802c994af4f) Importer(815301076,1909f56bfc062723c751e8b465ee728b)  -> (artifact id: '4d16935505328faf41d8f181f66a724b') in 0.011015 seconds 
========================================================================
Received Import Request.
  Time since last request: 8.999167 seconds.
  path: Assets/Prefabs/MrClockwork.prefab
  artifactKey: Guid(87747983899cbed4a9c6c802c994af4f) Importer(815301076,1909f56bfc062723c751e8b465ee728b)
Start importing Assets/Prefabs/MrClockwork.prefab using Guid(87747983899cbed4a9c6c802c994af4f) Importer(815301076,1909f56bfc062723c751e8b465ee728b)  -> (artifact id: '62b030be69e3061065d94fd188df3636') in 0.008591 seconds 
========================================================================
Received Import Request.
  Time since last request: 2.376426 seconds.
  path: Assets/Prefabs/MrClockwork.prefab
  artifactKey: Guid(87747983899cbed4a9c6c802c994af4f) Importer(815301076,1909f56bfc062723c751e8b465ee728b)
Start importing Assets/Prefabs/MrClockwork.prefab using Guid(87747983899cbed4a9c6c802c994af4f) Importer(815301076,1909f56bfc062723c751e8b465ee728b)  -> (artifact id: '336fa0ce34b3f005b40c67150f25adf1') in 0.008142 seconds 
========================================================================
Received Import Request.
  Time since last request: 6.823301 seconds.
  path: Assets/Prefabs/MrClockwork.prefab
  artifactKey: Guid(87747983899cbed4a9c6c802c994af4f) Importer(815301076,1909f56bfc062723c751e8b465ee728b)
Start importing Assets/Prefabs/MrClockwork.prefab using Guid(87747983899cbed4a9c6c802c994af4f) Importer(815301076,1909f56bfc062723c751e8b465ee728b)  -> (artifact id: 'd220edd6970c09d014ebb42a7851bfc4') in 0.008046 seconds 
========================================================================
Received Import Request.
  Time since last request: 30.122526 seconds.
  path: Assets/Prefabs/MrClockwork.prefab
  artifactKey: Guid(87747983899cbed4a9c6c802c994af4f) Importer(815301076,1909f56bfc062723c751e8b465ee728b)
Start importing Assets/Prefabs/MrClockwork.prefab using Guid(87747983899cbed4a9c6c802c994af4f) Importer(815301076,1909f56bfc062723c751e8b465ee728b)  -> (artifact id: '08ef5a7a54e54ee3d4f4552b85e183ee') in 0.009367 seconds 
========================================================================
Received Import Request.
  Time since last request: 21.244038 seconds.
  path: Assets/Art/Sprites/Characters/MrClockworkSheet.png
  artifactKey: Guid(651c4abeb0812e74685da0e5a31c8dff) Importer(815301076,1909f56bfc062723c751e8b465ee728b)
Start importing Assets/Art/Sprites/Characters/MrClockworkSheet.png using Guid(651c4abeb0812e74685da0e5a31c8dff) Importer(815301076,1909f56bfc062723c751e8b465ee728b)  -> (artifact id: '235de9089823934d133d6e889bbc0b85') in 0.138433 seconds 
========================================================================
Received Import Request.
  Time since last request: 36.330596 seconds.
  path: Assets/Art/Sprites/Characters/MrClockworkSheet.png
  artifactKey: Guid(651c4abeb0812e74685da0e5a31c8dff) Importer(815301076,1909f56bfc062723c751e8b465ee728b)
Start importing Assets/Art/Sprites/Characters/MrClockworkSheet.png using Guid(651c4abeb0812e74685da0e5a31c8dff) Importer(815301076,1909f56bfc062723c751e8b465ee728b)  -> (artifact id: '976abb32521a47613a779711c3382057') in 0.119954 seconds 
========================================================================
Received Import Request.
  Time since last request: 29.406518 seconds.
  path: Assets/Art/Sprites/Characters/MrClockworkSheet.png
  artifactKey: Guid(651c4abeb0812e74685da0e5a31c8dff) Importer(815301076,1909f56bfc062723c751e8b465ee728b)
Start importing Assets/Art/Sprites/Characters/MrClockworkSheet.png using Guid(651c4abeb0812e74685da0e5a31c8dff) Importer(815301076,1909f56bfc062723c751e8b465ee728b)  -> (artifact id: 'efade99b6d3da836e3bae12f19e33024') in 0.119505 seconds 
========================================================================
Received Import Request.
  Time since last request: 24.856906 seconds.
  path: Assets/Prefabs/MrClockwork.prefab
  artifactKey: Guid(87747983899cbed4a9c6c802c994af4f) Importer(815301076,1909f56bfc062723c751e8b465ee728b)
Start importing Assets/Prefabs/MrClockwork.prefab using Guid(87747983899cbed4a9c6c802c994af4f) Importer(815301076,1909f56bfc062723c751e8b465ee728b)  -> (artifact id: '02785cce4acf487f9ea2439fab1d9075') in 0.011338 seconds 
========================================================================
Received Import Request.
  Time since last request: 93.470664 seconds.
  path: Assets/Scripts/MrClockworkController.cs
  artifactKey: Guid(9c8976e0ca0ce884c8b3fad1f593ee28) Importer(815301076,1909f56bfc062723c751e8b465ee728b)
Start importing Assets/Scripts/MrClockworkController.cs using Guid(9c8976e0ca0ce884c8b3fad1f593ee28) Importer(815301076,1909f56bfc062723c751e8b465ee728b)  -> (artifact id: '73d589b0a782f36381baf92c7c4b9c6f') in 0.004700 seconds 
========================================================================
Received Prepare
Registering precompiled user dll's ...
Registered in 0.009098 seconds.
Begin MonoManager ReloadAssembly
Symbol file LoadedFromMemory doesn't match image D:\Projects\Game Development\Protos 1\Library\PackageCache\com.unity.visualscripting@1.7.7\Editor\VisualScripting.Core\Dependencies\DotNetZip\Unity.VisualScripting.IonicZip.dll
Symbol file LoadedFromMemory doesn't match image D:\Projects\Game Development\Protos 1\Library\PackageCache\com.unity.visualscripting@1.7.7\Editor\VisualScripting.Core\Dependencies\YamlDotNet\Unity.VisualScripting.YamlDotNet.dll
Native extension for WindowsStandalone target not found
Refreshing native plugins compatible for Editor in 1.36 ms, found 4 plugins.
Preloading 0 native plugins for Editor in 0.00 ms.
Mono: successfully reloaded assembly
- Completed reload, in  1.278 seconds
Domain Reload Profiling:
	ReloadAssembly (1279ms)
		BeginReloadAssembly (147ms)
			ExecutionOrderSort (0ms)
			DisableScriptedObjects (6ms)
			BackupInstance (0ms)
			ReleaseScriptingObjects (0ms)
			CreateAndSetChildDomain (47ms)
		EndReloadAssembly (1037ms)
			LoadAssemblies (94ms)
			RebuildTransferFunctionScriptingTraits (0ms)
			SetupTypeCache (322ms)
			ReleaseScriptCaches (2ms)
			RebuildScriptCaches (51ms)
			SetupLoadedEditorAssemblies (378ms)
				LogAssemblyErrors (0ms)
				InitializePlatformSupportModulesInManaged (9ms)
				SetLoadedEditorAssemblies (0ms)
				RefreshPlugins (1ms)
				BeforeProcessingInitializeOnLoad (70ms)
				ProcessInitializeOnLoadAttributes (183ms)
				ProcessInitializeOnLoadMethodAttributes (112ms)
				AfterProcessingInitializeOnLoad (2ms)
				EditorAssembliesLoaded (0ms)
			ExecutionOrderSort2 (0ms)
			AwakeInstancesAfterBackupRestoration (21ms)
Platform modules already initialized, skipping
Refreshing native plugins compatible for Editor in 3.92 ms, found 4 plugins.
Preloading 0 native plugins for Editor in 0.00 ms.
Unloading 4453 Unused Serialized files (Serialized files now loaded: 0)
Unloading 59 unused Assets / (195.9 KB). Loaded Objects now: 5057.
Memory consumption went from 168.2 MB to 168.0 MB.
Total: 6.331300 ms (FindLiveObjects: 0.421300 ms CreateObjectMapping: 0.114300 ms MarkObjects: 5.618800 ms  DeleteObjects: 0.175600 ms)

AssetImportParameters requested are different than current active one (requested -> active):
  custom:video-decoder-ogg-theora: a1e56fd34408186e4bbccfd4996cb3dc -> 
  custom:container-muxer-webm: aa71ff27fc2769a1b78a27578f13a17b -> 
  custom:container-demuxer-webm: 4f35f7cbe854078d1ac9338744f61a02 -> 
  custom:video-encoder-webm-vp8: eb34c28f22e8b96e1ab97ce403110664 -> 
  custom:audio-encoder-webm-vorbis: bf7c407c2cedff20999df2af8eb42d56 -> 
  custom:framework-win-MediaFoundation: 216162199b28c13a410421893ffa2e32 -> 
  custom:container-demuxer-ogg: 62fdf1f143b41e24485cea50d1cbac27 -> 
  custom:video-decoder-webm-vp8: 9c59270c3fd7afecdb556c50c9e8de78 -> 
  custom:audio-decoder-ogg-vorbis: bf7c407c2cedff20999df2af8eb42d56 -> 
========================================================================
Received Import Request.
  Time since last request: 15.546036 seconds.
  path: Assets/Scripts/EnemyController.cs
  artifactKey: Guid(4e32de44b055dfd4c873e5574231d6d4) Importer(815301076,1909f56bfc062723c751e8b465ee728b)
Start importing Assets/Scripts/EnemyController.cs using Guid(4e32de44b055dfd4c873e5574231d6d4) Importer(815301076,1909f56bfc062723c751e8b465ee728b)  -> (artifact id: '5ce1c32dd450634b728b873bf428becf') in 0.011186 seconds 
========================================================================
Received Prepare
Registering precompiled user dll's ...
Registered in 0.010226 seconds.
Begin MonoManager ReloadAssembly
Symbol file LoadedFromMemory doesn't match image D:\Projects\Game Development\Protos 1\Library\PackageCache\com.unity.visualscripting@1.7.7\Editor\VisualScripting.Core\Dependencies\DotNetZip\Unity.VisualScripting.IonicZip.dll
Symbol file LoadedFromMemory doesn't match image D:\Projects\Game Development\Protos 1\Library\PackageCache\com.unity.visualscripting@1.7.7\Editor\VisualScripting.Core\Dependencies\YamlDotNet\Unity.VisualScripting.YamlDotNet.dll
Native extension for WindowsStandalone target not found
Refreshing native plugins compatible for Editor in 1.27 ms, found 4 plugins.
Preloading 0 native plugins for Editor in 0.00 ms.
Mono: successfully reloaded assembly
- Completed reload, in  1.346 seconds
Domain Reload Profiling:
	ReloadAssembly (1347ms)
		BeginReloadAssembly (154ms)
			ExecutionOrderSort (0ms)
			DisableScriptedObjects (7ms)
			BackupInstance (0ms)
			ReleaseScriptingObjects (0ms)
			CreateAndSetChildDomain (45ms)
		EndReloadAssembly (1097ms)
			LoadAssemblies (110ms)
			RebuildTransferFunctionScriptingTraits (0ms)
			SetupTypeCache (345ms)
			ReleaseScriptCaches (2ms)
			RebuildScriptCaches (61ms)
			SetupLoadedEditorAssemblies (369ms)
				LogAssemblyErrors (0ms)
				InitializePlatformSupportModulesInManaged (10ms)
				SetLoadedEditorAssemblies (0ms)
				RefreshPlugins (1ms)
				BeforeProcessingInitializeOnLoad (65ms)
				ProcessInitializeOnLoadAttributes (182ms)
				ProcessInitializeOnLoadMethodAttributes (106ms)
				AfterProcessingInitializeOnLoad (3ms)
				EditorAssembliesLoaded (0ms)
			ExecutionOrderSort2 (0ms)
			AwakeInstancesAfterBackupRestoration (23ms)
Platform modules already initialized, skipping
Refreshing native plugins compatible for Editor in 3.62 ms, found 4 plugins.
Preloading 0 native plugins for Editor in 0.00 ms.
Unloading 4454 Unused Serialized files (Serialized files now loaded: 0)
Unloading 59 unused Assets / (195.7 KB). Loaded Objects now: 5061.
Memory consumption went from 168.3 MB to 168.1 MB.
Total: 7.342600 ms (FindLiveObjects: 0.392800 ms CreateObjectMapping: 0.111100 ms MarkObjects: 6.680100 ms  DeleteObjects: 0.157200 ms)

AssetImportParameters requested are different than current active one (requested -> active):
  custom:video-decoder-ogg-theora: a1e56fd34408186e4bbccfd4996cb3dc -> 
  custom:container-muxer-webm: aa71ff27fc2769a1b78a27578f13a17b -> 
  custom:container-demuxer-webm: 4f35f7cbe854078d1ac9338744f61a02 -> 
  custom:video-encoder-webm-vp8: eb34c28f22e8b96e1ab97ce403110664 -> 
  custom:audio-encoder-webm-vorbis: bf7c407c2cedff20999df2af8eb42d56 -> 
  custom:framework-win-MediaFoundation: 216162199b28c13a410421893ffa2e32 -> 
  custom:container-demuxer-ogg: 62fdf1f143b41e24485cea50d1cbac27 -> 
  custom:video-decoder-webm-vp8: 9c59270c3fd7afecdb556c50c9e8de78 -> 
  custom:audio-decoder-ogg-vorbis: bf7c407c2cedff20999df2af8eb42d56 -> 
========================================================================
Received Import Request.
  Time since last request: 21.974319 seconds.
  path: Assets/Scripts/EnemyController.cs
  artifactKey: Guid(4e32de44b055dfd4c873e5574231d6d4) Importer(815301076,1909f56bfc062723c751e8b465ee728b)
Start importing Assets/Scripts/EnemyController.cs using Guid(4e32de44b055dfd4c873e5574231d6d4) Importer(815301076,1909f56bfc062723c751e8b465ee728b)  -> (artifact id: 'f917e6b5b0e62f90cc0d26a44f42b9ed') in 0.324053 seconds 
========================================================================
Received Prepare
Registering precompiled user dll's ...
Registered in 0.006836 seconds.
Begin MonoManager ReloadAssembly
Symbol file LoadedFromMemory doesn't match image D:\Projects\Game Development\Protos 1\Library\PackageCache\com.unity.visualscripting@1.7.7\Editor\VisualScripting.Core\Dependencies\DotNetZip\Unity.VisualScripting.IonicZip.dll
Symbol file LoadedFromMemory doesn't match image D:\Projects\Game Development\Protos 1\Library\PackageCache\com.unity.visualscripting@1.7.7\Editor\VisualScripting.Core\Dependencies\YamlDotNet\Unity.VisualScripting.YamlDotNet.dll
Native extension for WindowsStandalone target not found
Refreshing native plugins compatible for Editor in 1.49 ms, found 4 plugins.
Preloading 0 native plugins for Editor in 0.00 ms.
Mono: successfully reloaded assembly
- Completed reload, in  1.268 seconds
Domain Reload Profiling:
	ReloadAssembly (1269ms)
		BeginReloadAssembly (150ms)
			ExecutionOrderSort (0ms)
			DisableScriptedObjects (8ms)
			BackupInstance (0ms)
			ReleaseScriptingObjects (0ms)
			CreateAndSetChildDomain (45ms)
		EndReloadAssembly (1037ms)
			LoadAssemblies (93ms)
			RebuildTransferFunctionScriptingTraits (0ms)
			SetupTypeCache (325ms)
			ReleaseScriptCaches (2ms)
			RebuildScriptCaches (44ms)
			SetupLoadedEditorAssemblies (391ms)
				LogAssemblyErrors (0ms)
				InitializePlatformSupportModulesInManaged (8ms)
				SetLoadedEditorAssemblies (0ms)
				RefreshPlugins (2ms)
				BeforeProcessingInitializeOnLoad (74ms)
				ProcessInitializeOnLoadAttributes (184ms)
				ProcessInitializeOnLoadMethodAttributes (121ms)
				AfterProcessingInitializeOnLoad (2ms)
				EditorAssembliesLoaded (0ms)
			ExecutionOrderSort2 (0ms)
			AwakeInstancesAfterBackupRestoration (22ms)
Platform modules already initialized, skipping
Refreshing native plugins compatible for Editor in 3.91 ms, found 4 plugins.
Preloading 0 native plugins for Editor in 0.00 ms.
Unloading 4454 Unused Serialized files (Serialized files now loaded: 0)
Unloading 59 unused Assets / (195.6 KB). Loaded Objects now: 5064.
Memory consumption went from 168.3 MB to 168.1 MB.
Total: 7.198900 ms (FindLiveObjects: 0.366100 ms CreateObjectMapping: 0.110500 ms MarkObjects: 6.541100 ms  DeleteObjects: 0.180000 ms)

AssetImportParameters requested are different than current active one (requested -> active):
  custom:video-decoder-ogg-theora: a1e56fd34408186e4bbccfd4996cb3dc -> 
  custom:container-muxer-webm: aa71ff27fc2769a1b78a27578f13a17b -> 
  custom:container-demuxer-webm: 4f35f7cbe854078d1ac9338744f61a02 -> 
  custom:video-encoder-webm-vp8: eb34c28f22e8b96e1ab97ce403110664 -> 
  custom:audio-encoder-webm-vorbis: bf7c407c2cedff20999df2af8eb42d56 -> 
  custom:framework-win-MediaFoundation: 216162199b28c13a410421893ffa2e32 -> 
  custom:container-demuxer-ogg: 62fdf1f143b41e24485cea50d1cbac27 -> 
  custom:video-decoder-webm-vp8: 9c59270c3fd7afecdb556c50c9e8de78 -> 
  custom:audio-decoder-ogg-vorbis: bf7c407c2cedff20999df2af8eb42d56 -> 
========================================================================
Received Prepare
Registering precompiled user dll's ...
Registered in 0.007751 seconds.
Begin MonoManager ReloadAssembly
Symbol file LoadedFromMemory doesn't match image D:\Projects\Game Development\Protos 1\Library\PackageCache\com.unity.visualscripting@1.7.7\Editor\VisualScripting.Core\Dependencies\DotNetZip\Unity.VisualScripting.IonicZip.dll
Symbol file LoadedFromMemory doesn't match image D:\Projects\Game Development\Protos 1\Library\PackageCache\com.unity.visualscripting@1.7.7\Editor\VisualScripting.Core\Dependencies\YamlDotNet\Unity.VisualScripting.YamlDotNet.dll
Native extension for WindowsStandalone target not found
Refreshing native plugins compatible for Editor in 1.23 ms, found 4 plugins.
Preloading 0 native plugins for Editor in 0.00 ms.
Mono: successfully reloaded assembly
- Completed reload, in  1.332 seconds
Domain Reload Profiling:
	ReloadAssembly (1333ms)
		BeginReloadAssembly (152ms)
			ExecutionOrderSort (0ms)
			DisableScriptedObjects (8ms)
			BackupInstance (0ms)
			ReleaseScriptingObjects (0ms)
			CreateAndSetChildDomain (46ms)
		EndReloadAssembly (1090ms)
			LoadAssemblies (98ms)
			RebuildTransferFunctionScriptingTraits (0ms)
			SetupTypeCache (335ms)
			ReleaseScriptCaches (2ms)
			RebuildScriptCaches (56ms)
			SetupLoadedEditorAssemblies (406ms)
				LogAssemblyErrors (0ms)
				InitializePlatformSupportModulesInManaged (11ms)
				SetLoadedEditorAssemblies (0ms)
				RefreshPlugins (1ms)
				BeforeProcessingInitializeOnLoad (73ms)
				ProcessInitializeOnLoadAttributes (195ms)
				ProcessInitializeOnLoadMethodAttributes (123ms)
				AfterProcessingInitializeOnLoad (3ms)
				EditorAssembliesLoaded (0ms)
			ExecutionOrderSort2 (0ms)
			AwakeInstancesAfterBackupRestoration (25ms)
Platform modules already initialized, skipping
Refreshing native plugins compatible for Editor in 3.93 ms, found 4 plugins.
Preloading 0 native plugins for Editor in 0.00 ms.
Unloading 4454 Unused Serialized files (Serialized files now loaded: 0)
Unloading 59 unused Assets / (195.6 KB). Loaded Objects now: 5067.
Memory consumption went from 168.3 MB to 168.1 MB.
Total: 7.165000 ms (FindLiveObjects: 0.438100 ms CreateObjectMapping: 0.133900 ms MarkObjects: 6.416100 ms  DeleteObjects: 0.175100 ms)

AssetImportParameters requested are different than current active one (requested -> active):
  custom:video-decoder-ogg-theora: a1e56fd34408186e4bbccfd4996cb3dc -> 
  custom:container-muxer-webm: aa71ff27fc2769a1b78a27578f13a17b -> 
  custom:container-demuxer-webm: 4f35f7cbe854078d1ac9338744f61a02 -> 
  custom:video-encoder-webm-vp8: eb34c28f22e8b96e1ab97ce403110664 -> 
  custom:audio-encoder-webm-vorbis: bf7c407c2cedff20999df2af8eb42d56 -> 
  custom:framework-win-MediaFoundation: 216162199b28c13a410421893ffa2e32 -> 
  custom:container-demuxer-ogg: 62fdf1f143b41e24485cea50d1cbac27 -> 
  custom:video-decoder-webm-vp8: 9c59270c3fd7afecdb556c50c9e8de78 -> 
  custom:audio-decoder-ogg-vorbis: bf7c407c2cedff20999df2af8eb42d56 -> 
========================================================================
Received Prepare
Registering precompiled user dll's ...
Registered in 0.007719 seconds.
Begin MonoManager ReloadAssembly
Symbol file LoadedFromMemory doesn't match image D:\Projects\Game Development\Protos 1\Library\PackageCache\com.unity.visualscripting@1.7.7\Editor\VisualScripting.Core\Dependencies\DotNetZip\Unity.VisualScripting.IonicZip.dll
Symbol file LoadedFromMemory doesn't match image D:\Projects\Game Development\Protos 1\Library\PackageCache\com.unity.visualscripting@1.7.7\Editor\VisualScripting.Core\Dependencies\YamlDotNet\Unity.VisualScripting.YamlDotNet.dll
Native extension for WindowsStandalone target not found
Refreshing native plugins compatible for Editor in 1.15 ms, found 4 plugins.
Preloading 0 native plugins for Editor in 0.00 ms.
Mono: successfully reloaded assembly
- Completed reload, in  1.296 seconds
Domain Reload Profiling:
	ReloadAssembly (1296ms)
		BeginReloadAssembly (143ms)
			ExecutionOrderSort (0ms)
			DisableScriptedObjects (8ms)
			BackupInstance (0ms)
			ReleaseScriptingObjects (0ms)
			CreateAndSetChildDomain (44ms)
		EndReloadAssembly (1066ms)
			LoadAssemblies (99ms)
			RebuildTransferFunctionScriptingTraits (0ms)
			SetupTypeCache (323ms)
			ReleaseScriptCaches (2ms)
			RebuildScriptCaches (56ms)
			SetupLoadedEditorAssemblies (388ms)
				LogAssemblyErrors (0ms)
				InitializePlatformSupportModulesInManaged (9ms)
				SetLoadedEditorAssemblies (0ms)
				RefreshPlugins (1ms)
				BeforeProcessingInitializeOnLoad (71ms)
				ProcessInitializeOnLoadAttributes (184ms)
				ProcessInitializeOnLoadMethodAttributes (119ms)
				AfterProcessingInitializeOnLoad (2ms)
				EditorAssembliesLoaded (0ms)
			ExecutionOrderSort2 (0ms)
			AwakeInstancesAfterBackupRestoration (21ms)
Platform modules already initialized, skipping
Refreshing native plugins compatible for Editor in 3.89 ms, found 4 plugins.
Preloading 0 native plugins for Editor in 0.00 ms.
Unloading 4454 Unused Serialized files (Serialized files now loaded: 0)
Unloading 59 unused Assets / (195.6 KB). Loaded Objects now: 5070.
Memory consumption went from 168.3 MB to 168.1 MB.
Total: 6.856400 ms (FindLiveObjects: 0.407900 ms CreateObjectMapping: 0.109100 ms MarkObjects: 6.177000 ms  DeleteObjects: 0.160600 ms)

AssetImportParameters requested are different than current active one (requested -> active):
  custom:video-decoder-ogg-theora: a1e56fd34408186e4bbccfd4996cb3dc -> 
  custom:container-muxer-webm: aa71ff27fc2769a1b78a27578f13a17b -> 
  custom:container-demuxer-webm: 4f35f7cbe854078d1ac9338744f61a02 -> 
  custom:video-encoder-webm-vp8: eb34c28f22e8b96e1ab97ce403110664 -> 
  custom:audio-encoder-webm-vorbis: bf7c407c2cedff20999df2af8eb42d56 -> 
  custom:framework-win-MediaFoundation: 216162199b28c13a410421893ffa2e32 -> 
  custom:container-demuxer-ogg: 62fdf1f143b41e24485cea50d1cbac27 -> 
  custom:video-decoder-webm-vp8: 9c59270c3fd7afecdb556c50c9e8de78 -> 
  custom:audio-decoder-ogg-vorbis: bf7c407c2cedff20999df2af8eb42d56 -> 
========================================================================
Received Prepare
Registering precompiled user dll's ...
Registered in 0.007276 seconds.
Begin MonoManager ReloadAssembly
Symbol file LoadedFromMemory doesn't match image D:\Projects\Game Development\Protos 1\Library\PackageCache\com.unity.visualscripting@1.7.7\Editor\VisualScripting.Core\Dependencies\DotNetZip\Unity.VisualScripting.IonicZip.dll
Symbol file LoadedFromMemory doesn't match image D:\Projects\Game Development\Protos 1\Library\PackageCache\com.unity.visualscripting@1.7.7\Editor\VisualScripting.Core\Dependencies\YamlDotNet\Unity.VisualScripting.YamlDotNet.dll
Native extension for WindowsStandalone target not found
Refreshing native plugins compatible for Editor in 1.17 ms, found 4 plugins.
Preloading 0 native plugins for Editor in 0.00 ms.
Mono: successfully reloaded assembly
- Completed reload, in  1.451 seconds
Domain Reload Profiling:
	ReloadAssembly (1451ms)
		BeginReloadAssembly (170ms)
			ExecutionOrderSort (0ms)
			DisableScriptedObjects (8ms)
			BackupInstance (0ms)
			ReleaseScriptingObjects (0ms)
			CreateAndSetChildDomain (58ms)
		EndReloadAssembly (1181ms)
			LoadAssemblies (117ms)
			RebuildTransferFunctionScriptingTraits (0ms)
			SetupTypeCache (412ms)
			ReleaseScriptCaches (2ms)
			RebuildScriptCaches (49ms)
			SetupLoadedEditorAssemblies (404ms)
				LogAssemblyErrors (0ms)
				InitializePlatformSupportModulesInManaged (9ms)
				SetLoadedEditorAssemblies (0ms)
				RefreshPlugins (1ms)
				BeforeProcessingInitializeOnLoad (71ms)
				ProcessInitializeOnLoadAttributes (188ms)
				ProcessInitializeOnLoadMethodAttributes (132ms)
				AfterProcessingInitializeOnLoad (3ms)
				EditorAssembliesLoaded (0ms)
			ExecutionOrderSort2 (0ms)
			AwakeInstancesAfterBackupRestoration (25ms)
Platform modules already initialized, skipping
Refreshing native plugins compatible for Editor in 4.18 ms, found 4 plugins.
Preloading 0 native plugins for Editor in 0.00 ms.
Unloading 4454 Unused Serialized files (Serialized files now loaded: 0)
Unloading 59 unused Assets / (195.5 KB). Loaded Objects now: 5073.
Memory consumption went from 168.3 MB to 168.1 MB.
Total: 7.814000 ms (FindLiveObjects: 0.412200 ms CreateObjectMapping: 0.114100 ms MarkObjects: 7.070900 ms  DeleteObjects: 0.215800 ms)

AssetImportParameters requested are different than current active one (requested -> active):
  custom:video-decoder-ogg-theora: a1e56fd34408186e4bbccfd4996cb3dc -> 
  custom:container-muxer-webm: aa71ff27fc2769a1b78a27578f13a17b -> 
  custom:container-demuxer-webm: 4f35f7cbe854078d1ac9338744f61a02 -> 
  custom:video-encoder-webm-vp8: eb34c28f22e8b96e1ab97ce403110664 -> 
  custom:audio-encoder-webm-vorbis: bf7c407c2cedff20999df2af8eb42d56 -> 
  custom:framework-win-MediaFoundation: 216162199b28c13a410421893ffa2e32 -> 
  custom:container-demuxer-ogg: 62fdf1f143b41e24485cea50d1cbac27 -> 
  custom:video-decoder-webm-vp8: 9c59270c3fd7afecdb556c50c9e8de78 -> 
  custom:audio-decoder-ogg-vorbis: bf7c407c2cedff20999df2af8eb42d56 -> 
========================================================================
Received Prepare
Registering precompiled user dll's ...
Registered in 0.007554 seconds.
Begin MonoManager ReloadAssembly
Symbol file LoadedFromMemory doesn't match image D:\Projects\Game Development\Protos 1\Library\PackageCache\com.unity.visualscripting@1.7.7\Editor\VisualScripting.Core\Dependencies\DotNetZip\Unity.VisualScripting.IonicZip.dll
Symbol file LoadedFromMemory doesn't match image D:\Projects\Game Development\Protos 1\Library\PackageCache\com.unity.visualscripting@1.7.7\Editor\VisualScripting.Core\Dependencies\YamlDotNet\Unity.VisualScripting.YamlDotNet.dll
Native extension for WindowsStandalone target not found
Refreshing native plugins compatible for Editor in 1.30 ms, found 4 plugins.
Preloading 0 native plugins for Editor in 0.00 ms.
Mono: successfully reloaded assembly
- Completed reload, in  1.349 seconds
Domain Reload Profiling:
	ReloadAssembly (1350ms)
		BeginReloadAssembly (152ms)
			ExecutionOrderSort (0ms)
			DisableScriptedObjects (8ms)
			BackupInstance (0ms)
			ReleaseScriptingObjects (0ms)
			CreateAndSetChildDomain (46ms)
		EndReloadAssembly (1107ms)
			LoadAssemblies (97ms)
			RebuildTransferFunctionScriptingTraits (0ms)
			SetupTypeCache (335ms)
			ReleaseScriptCaches (2ms)
			RebuildScriptCaches (64ms)
			SetupLoadedEditorAssemblies (386ms)
				LogAssemblyErrors (0ms)
				InitializePlatformSupportModulesInManaged (9ms)
				SetLoadedEditorAssemblies (0ms)
				RefreshPlugins (1ms)
				BeforeProcessingInitializeOnLoad (73ms)
				ProcessInitializeOnLoadAttributes (187ms)
				ProcessInitializeOnLoadMethodAttributes (113ms)
				AfterProcessingInitializeOnLoad (2ms)
				EditorAssembliesLoaded (0ms)
			ExecutionOrderSort2 (0ms)
			AwakeInstancesAfterBackupRestoration (22ms)
Platform modules already initialized, skipping
Refreshing native plugins compatible for Editor in 3.90 ms, found 4 plugins.
Preloading 0 native plugins for Editor in 0.00 ms.
Unloading 4454 Unused Serialized files (Serialized files now loaded: 0)
Unloading 59 unused Assets / (195.7 KB). Loaded Objects now: 5076.
Memory consumption went from 168.3 MB to 168.1 MB.
Total: 6.171800 ms (FindLiveObjects: 0.379000 ms CreateObjectMapping: 0.112800 ms MarkObjects: 5.519800 ms  DeleteObjects: 0.158900 ms)

AssetImportParameters requested are different than current active one (requested -> active):
  custom:video-decoder-ogg-theora: a1e56fd34408186e4bbccfd4996cb3dc -> 
  custom:container-muxer-webm: aa71ff27fc2769a1b78a27578f13a17b -> 
  custom:container-demuxer-webm: 4f35f7cbe854078d1ac9338744f61a02 -> 
  custom:video-encoder-webm-vp8: eb34c28f22e8b96e1ab97ce403110664 -> 
  custom:audio-encoder-webm-vorbis: bf7c407c2cedff20999df2af8eb42d56 -> 
  custom:framework-win-MediaFoundation: 216162199b28c13a410421893ffa2e32 -> 
  custom:container-demuxer-ogg: 62fdf1f143b41e24485cea50d1cbac27 -> 
  custom:video-decoder-webm-vp8: 9c59270c3fd7afecdb556c50c9e8de78 -> 
  custom:audio-decoder-ogg-vorbis: bf7c407c2cedff20999df2af8eb42d56 -> 
========================================================================
Received Prepare
Registering precompiled user dll's ...
Registered in 0.007353 seconds.
Begin MonoManager ReloadAssembly
Symbol file LoadedFromMemory doesn't match image D:\Projects\Game Development\Protos 1\Library\PackageCache\com.unity.visualscripting@1.7.7\Editor\VisualScripting.Core\Dependencies\DotNetZip\Unity.VisualScripting.IonicZip.dll
Symbol file LoadedFromMemory doesn't match image D:\Projects\Game Development\Protos 1\Library\PackageCache\com.unity.visualscripting@1.7.7\Editor\VisualScripting.Core\Dependencies\YamlDotNet\Unity.VisualScripting.YamlDotNet.dll
Native extension for WindowsStandalone target not found
Refreshing native plugins compatible for Editor in 1.14 ms, found 4 plugins.
Preloading 0 native plugins for Editor in 0.00 ms.
Mono: successfully reloaded assembly
- Completed reload, in  1.272 seconds
Domain Reload Profiling:
	ReloadAssembly (1273ms)
		BeginReloadAssembly (144ms)
			ExecutionOrderSort (0ms)
			DisableScriptedObjects (6ms)
			BackupInstance (0ms)
			ReleaseScriptingObjects (0ms)
			CreateAndSetChildDomain (43ms)
		EndReloadAssembly (1031ms)
			LoadAssemblies (100ms)
			RebuildTransferFunctionScriptingTraits (0ms)
			SetupTypeCache (331ms)
			ReleaseScriptCaches (2ms)
			RebuildScriptCaches (51ms)
			SetupLoadedEditorAssemblies (363ms)
				LogAssemblyErrors (0ms)
				InitializePlatformSupportModulesInManaged (8ms)
				SetLoadedEditorAssemblies (0ms)
				RefreshPlugins (1ms)
				BeforeProcessingInitializeOnLoad (65ms)
				ProcessInitializeOnLoadAttributes (176ms)
				ProcessInitializeOnLoadMethodAttributes (109ms)
				AfterProcessingInitializeOnLoad (3ms)
				EditorAssembliesLoaded (0ms)
			ExecutionOrderSort2 (0ms)
			AwakeInstancesAfterBackupRestoration (23ms)
Platform modules already initialized, skipping
Refreshing native plugins compatible for Editor in 3.93 ms, found 4 plugins.
Preloading 0 native plugins for Editor in 0.00 ms.
Unloading 4454 Unused Serialized files (Serialized files now loaded: 0)
Unloading 59 unused Assets / (195.7 KB). Loaded Objects now: 5079.
Memory consumption went from 168.3 MB to 168.1 MB.
Total: 6.770800 ms (FindLiveObjects: 0.381400 ms CreateObjectMapping: 0.100400 ms MarkObjects: 6.125000 ms  DeleteObjects: 0.162600 ms)

AssetImportParameters requested are different than current active one (requested -> active):
  custom:video-decoder-ogg-theora: a1e56fd34408186e4bbccfd4996cb3dc -> 
  custom:container-muxer-webm: aa71ff27fc2769a1b78a27578f13a17b -> 
  custom:container-demuxer-webm: 4f35f7cbe854078d1ac9338744f61a02 -> 
  custom:video-encoder-webm-vp8: eb34c28f22e8b96e1ab97ce403110664 -> 
  custom:audio-encoder-webm-vorbis: bf7c407c2cedff20999df2af8eb42d56 -> 
  custom:framework-win-MediaFoundation: 216162199b28c13a410421893ffa2e32 -> 
  custom:container-demuxer-ogg: 62fdf1f143b41e24485cea50d1cbac27 -> 
  custom:video-decoder-webm-vp8: 9c59270c3fd7afecdb556c50c9e8de78 -> 
  custom:audio-decoder-ogg-vorbis: bf7c407c2cedff20999df2af8eb42d56 -> 
========================================================================
Received Prepare
Registering precompiled user dll's ...
Registered in 0.015960 seconds.
Begin MonoManager ReloadAssembly
Symbol file LoadedFromMemory doesn't match image D:\Projects\Game Development\Protos 1\Library\PackageCache\com.unity.visualscripting@1.7.7\Editor\VisualScripting.Core\Dependencies\DotNetZip\Unity.VisualScripting.IonicZip.dll
Symbol file LoadedFromMemory doesn't match image D:\Projects\Game Development\Protos 1\Library\PackageCache\com.unity.visualscripting@1.7.7\Editor\VisualScripting.Core\Dependencies\YamlDotNet\Unity.VisualScripting.YamlDotNet.dll
Native extension for WindowsStandalone target not found
Refreshing native plugins compatible for Editor in 1.27 ms, found 4 plugins.
Preloading 0 native plugins for Editor in 0.00 ms.
Mono: successfully reloaded assembly
- Completed reload, in  1.419 seconds
Domain Reload Profiling:
	ReloadAssembly (1421ms)
		BeginReloadAssembly (154ms)
			ExecutionOrderSort (0ms)
			DisableScriptedObjects (7ms)
			BackupInstance (0ms)
			ReleaseScriptingObjects (0ms)
			CreateAndSetChildDomain (44ms)
		EndReloadAssembly (1178ms)
			LoadAssemblies (104ms)
			RebuildTransferFunctionScriptingTraits (0ms)
			SetupTypeCache (353ms)
			ReleaseScriptCaches (2ms)
			RebuildScriptCaches (54ms)
			SetupLoadedEditorAssemblies (417ms)
				LogAssemblyErrors (0ms)
				InitializePlatformSupportModulesInManaged (10ms)
				SetLoadedEditorAssemblies (0ms)
				RefreshPlugins (1ms)
				BeforeProcessingInitializeOnLoad (73ms)
				ProcessInitializeOnLoadAttributes (213ms)
				ProcessInitializeOnLoadMethodAttributes (116ms)
				AfterProcessingInitializeOnLoad (3ms)
				EditorAssembliesLoaded (0ms)
			ExecutionOrderSort2 (0ms)
			AwakeInstancesAfterBackupRestoration (27ms)
Platform modules already initialized, skipping
Refreshing native plugins compatible for Editor in 4.69 ms, found 4 plugins.
Preloading 0 native plugins for Editor in 0.00 ms.
Unloading 4454 Unused Serialized files (Serialized files now loaded: 0)
Unloading 59 unused Assets / (195.6 KB). Loaded Objects now: 5082.
Memory consumption went from 168.3 MB to 168.1 MB.
Total: 6.746500 ms (FindLiveObjects: 0.381400 ms CreateObjectMapping: 0.123800 ms MarkObjects: 6.034500 ms  DeleteObjects: 0.204300 ms)

AssetImportParameters requested are different than current active one (requested -> active):
  custom:video-decoder-ogg-theora: a1e56fd34408186e4bbccfd4996cb3dc -> 
  custom:container-muxer-webm: aa71ff27fc2769a1b78a27578f13a17b -> 
  custom:container-demuxer-webm: 4f35f7cbe854078d1ac9338744f61a02 -> 
  custom:video-encoder-webm-vp8: eb34c28f22e8b96e1ab97ce403110664 -> 
  custom:audio-encoder-webm-vorbis: bf7c407c2cedff20999df2af8eb42d56 -> 
  custom:framework-win-MediaFoundation: 216162199b28c13a410421893ffa2e32 -> 
  custom:container-demuxer-ogg: 62fdf1f143b41e24485cea50d1cbac27 -> 
  custom:video-decoder-webm-vp8: 9c59270c3fd7afecdb556c50c9e8de78 -> 
  custom:audio-decoder-ogg-vorbis: bf7c407c2cedff20999df2af8eb42d56 -> 
========================================================================
Received Prepare
Registering precompiled user dll's ...
Registered in 0.009312 seconds.
Begin MonoManager ReloadAssembly
Symbol file LoadedFromMemory doesn't match image D:\Projects\Game Development\Protos 1\Library\PackageCache\com.unity.visualscripting@1.7.7\Editor\VisualScripting.Core\Dependencies\DotNetZip\Unity.VisualScripting.IonicZip.dll
Symbol file LoadedFromMemory doesn't match image D:\Projects\Game Development\Protos 1\Library\PackageCache\com.unity.visualscripting@1.7.7\Editor\VisualScripting.Core\Dependencies\YamlDotNet\Unity.VisualScripting.YamlDotNet.dll
Native extension for WindowsStandalone target not found
Refreshing native plugins compatible for Editor in 1.22 ms, found 4 plugins.
Preloading 0 native plugins for Editor in 0.00 ms.
Mono: successfully reloaded assembly
- Completed reload, in  1.408 seconds
Domain Reload Profiling:
	ReloadAssembly (1409ms)
		BeginReloadAssembly (154ms)
			ExecutionOrderSort (0ms)
			DisableScriptedObjects (7ms)
			BackupInstance (0ms)
			ReleaseScriptingObjects (0ms)
			CreateAndSetChildDomain (45ms)
		EndReloadAssembly (1168ms)
			LoadAssemblies (111ms)
			RebuildTransferFunctionScriptingTraits (0ms)
			SetupTypeCache (354ms)
			ReleaseScriptCaches (2ms)
			RebuildScriptCaches (74ms)
			SetupLoadedEditorAssemblies (386ms)
				LogAssemblyErrors (0ms)
				InitializePlatformSupportModulesInManaged (10ms)
				SetLoadedEditorAssemblies (0ms)
				RefreshPlugins (1ms)
				BeforeProcessingInitializeOnLoad (69ms)
				ProcessInitializeOnLoadAttributes (190ms)
				ProcessInitializeOnLoadMethodAttributes (113ms)
				AfterProcessingInitializeOnLoad (2ms)
				EditorAssembliesLoaded (0ms)
			ExecutionOrderSort2 (0ms)
			AwakeInstancesAfterBackupRestoration (23ms)
Platform modules already initialized, skipping
Refreshing native plugins compatible for Editor in 4.83 ms, found 4 plugins.
Preloading 0 native plugins for Editor in 0.00 ms.
Unloading 4454 Unused Serialized files (Serialized files now loaded: 0)
Unloading 59 unused Assets / (195.4 KB). Loaded Objects now: 5085.
Memory consumption went from 168.4 MB to 168.2 MB.
Total: 6.165200 ms (FindLiveObjects: 0.369300 ms CreateObjectMapping: 0.114400 ms MarkObjects: 5.504700 ms  DeleteObjects: 0.174900 ms)

AssetImportParameters requested are different than current active one (requested -> active):
  custom:video-decoder-ogg-theora: a1e56fd34408186e4bbccfd4996cb3dc -> 
  custom:container-muxer-webm: aa71ff27fc2769a1b78a27578f13a17b -> 
  custom:container-demuxer-webm: 4f35f7cbe854078d1ac9338744f61a02 -> 
  custom:video-encoder-webm-vp8: eb34c28f22e8b96e1ab97ce403110664 -> 
  custom:audio-encoder-webm-vorbis: bf7c407c2cedff20999df2af8eb42d56 -> 
  custom:framework-win-MediaFoundation: 216162199b28c13a410421893ffa2e32 -> 
  custom:container-demuxer-ogg: 62fdf1f143b41e24485cea50d1cbac27 -> 
  custom:video-decoder-webm-vp8: 9c59270c3fd7afecdb556c50c9e8de78 -> 
  custom:audio-decoder-ogg-vorbis: bf7c407c2cedff20999df2af8eb42d56 -> 
========================================================================
Received Import Request.
  Time since last request: 390.093718 seconds.
  path: Assets/Prefabs/MrClockwork.prefab
  artifactKey: Guid(87747983899cbed4a9c6c802c994af4f) Importer(815301076,1909f56bfc062723c751e8b465ee728b)
Start importing Assets/Prefabs/MrClockwork.prefab using Guid(87747983899cbed4a9c6c802c994af4f) Importer(815301076,1909f56bfc062723c751e8b465ee728b)  -> (artifact id: '6e565a55eb50f5a10b877d2bac7128b2') in 0.053377 seconds 
========================================================================
Received Prepare
Registering precompiled user dll's ...
Registered in 0.007942 seconds.
Begin MonoManager ReloadAssembly
Symbol file LoadedFromMemory doesn't match image D:\Projects\Game Development\Protos 1\Library\PackageCache\com.unity.visualscripting@1.7.7\Editor\VisualScripting.Core\Dependencies\DotNetZip\Unity.VisualScripting.IonicZip.dll
Symbol file LoadedFromMemory doesn't match image D:\Projects\Game Development\Protos 1\Library\PackageCache\com.unity.visualscripting@1.7.7\Editor\VisualScripting.Core\Dependencies\YamlDotNet\Unity.VisualScripting.YamlDotNet.dll
Native extension for WindowsStandalone target not found
Refreshing native plugins compatible for Editor in 1.79 ms, found 4 plugins.
Preloading 0 native plugins for Editor in 0.00 ms.
Mono: successfully reloaded assembly
- Completed reload, in  1.421 seconds
Domain Reload Profiling:
	ReloadAssembly (1422ms)
		BeginReloadAssembly (162ms)
			ExecutionOrderSort (0ms)
			DisableScriptedObjects (6ms)
			BackupInstance (0ms)
			ReleaseScriptingObjects (0ms)
			CreateAndSetChildDomain (53ms)
		EndReloadAssembly (1145ms)
			LoadAssemblies (109ms)
			RebuildTransferFunctionScriptingTraits (0ms)
			SetupTypeCache (361ms)
			ReleaseScriptCaches (2ms)
			RebuildScriptCaches (59ms)
			SetupLoadedEditorAssemblies (392ms)
				LogAssemblyErrors (0ms)
				InitializePlatformSupportModulesInManaged (12ms)
				SetLoadedEditorAssemblies (0ms)
				RefreshPlugins (2ms)
				BeforeProcessingInitializeOnLoad (73ms)
				ProcessInitializeOnLoadAttributes (188ms)
				ProcessInitializeOnLoadMethodAttributes (114ms)
				AfterProcessingInitializeOnLoad (2ms)
				EditorAssembliesLoaded (0ms)
			ExecutionOrderSort2 (0ms)
			AwakeInstancesAfterBackupRestoration (24ms)
Platform modules already initialized, skipping
Refreshing native plugins compatible for Editor in 4.58 ms, found 4 plugins.
Preloading 0 native plugins for Editor in 0.00 ms.
Unloading 4454 Unused Serialized files (Serialized files now loaded: 0)
Unloading 59 unused Assets / (195.6 KB). Loaded Objects now: 5088.
Memory consumption went from 168.4 MB to 168.2 MB.
Total: 7.669200 ms (FindLiveObjects: 0.417800 ms CreateObjectMapping: 0.114700 ms MarkObjects: 6.733700 ms  DeleteObjects: 0.401400 ms)

AssetImportParameters requested are different than current active one (requested -> active):
  custom:video-decoder-ogg-theora: a1e56fd34408186e4bbccfd4996cb3dc -> 
  custom:container-muxer-webm: aa71ff27fc2769a1b78a27578f13a17b -> 
  custom:container-demuxer-webm: 4f35f7cbe854078d1ac9338744f61a02 -> 
  custom:video-encoder-webm-vp8: eb34c28f22e8b96e1ab97ce403110664 -> 
  custom:audio-encoder-webm-vorbis: bf7c407c2cedff20999df2af8eb42d56 -> 
  custom:framework-win-MediaFoundation: 216162199b28c13a410421893ffa2e32 -> 
  custom:container-demuxer-ogg: 62fdf1f143b41e24485cea50d1cbac27 -> 
  custom:video-decoder-webm-vp8: 9c59270c3fd7afecdb556c50c9e8de78 -> 
  custom:audio-decoder-ogg-vorbis: bf7c407c2cedff20999df2af8eb42d56 -> 
========================================================================
Received Import Request.
  Time since last request: 435.326956 seconds.
  path: Assets/Prefabs/MrClockwork.prefab
  artifactKey: Guid(87747983899cbed4a9c6c802c994af4f) Importer(815301076,1909f56bfc062723c751e8b465ee728b)
Start importing Assets/Prefabs/MrClockwork.prefab using Guid(87747983899cbed4a9c6c802c994af4f) Importer(815301076,1909f56bfc062723c751e8b465ee728b)  -> (artifact id: '7e667056a6138ff8c6d8c5045ea90101') in 0.081943 seconds 
========================================================================
Received Prepare
Registering precompiled user dll's ...
Registered in 0.009000 seconds.
Begin MonoManager ReloadAssembly
Symbol file LoadedFromMemory doesn't match image D:\Projects\Game Development\Protos 1\Library\PackageCache\com.unity.visualscripting@1.7.7\Editor\VisualScripting.Core\Dependencies\DotNetZip\Unity.VisualScripting.IonicZip.dll
Symbol file LoadedFromMemory doesn't match image D:\Projects\Game Development\Protos 1\Library\PackageCache\com.unity.visualscripting@1.7.7\Editor\VisualScripting.Core\Dependencies\YamlDotNet\Unity.VisualScripting.YamlDotNet.dll
Native extension for WindowsStandalone target not found
Refreshing native plugins compatible for Editor in 1.17 ms, found 4 plugins.
Preloading 0 native plugins for Editor in 0.00 ms.
Mono: successfully reloaded assembly
- Completed reload, in  1.429 seconds
Domain Reload Profiling:
	ReloadAssembly (1430ms)
		BeginReloadAssembly (147ms)
			ExecutionOrderSort (0ms)
			DisableScriptedObjects (6ms)
			BackupInstance (0ms)
			ReleaseScriptingObjects (0ms)
			CreateAndSetChildDomain (45ms)
		EndReloadAssembly (1190ms)
			LoadAssemblies (102ms)
			RebuildTransferFunctionScriptingTraits (0ms)
			SetupTypeCache (372ms)
			ReleaseScriptCaches (2ms)
			RebuildScriptCaches (76ms)
			SetupLoadedEditorAssemblies (405ms)
				LogAssemblyErrors (0ms)
				InitializePlatformSupportModulesInManaged (11ms)
				SetLoadedEditorAssemblies (0ms)
				RefreshPlugins (1ms)
				BeforeProcessingInitializeOnLoad (73ms)
				ProcessInitializeOnLoadAttributes (195ms)
				ProcessInitializeOnLoadMethodAttributes (122ms)
				AfterProcessingInitializeOnLoad (2ms)
				EditorAssembliesLoaded (0ms)
			ExecutionOrderSort2 (0ms)
			AwakeInstancesAfterBackupRestoration (24ms)
Platform modules already initialized, skipping
Refreshing native plugins compatible for Editor in 5.26 ms, found 4 plugins.
Preloading 0 native plugins for Editor in 0.00 ms.
Unloading 4454 Unused Serialized files (Serialized files now loaded: 0)
Unloading 59 unused Assets / (195.4 KB). Loaded Objects now: 5091.
Memory consumption went from 168.4 MB to 168.2 MB.
Total: 6.711500 ms (FindLiveObjects: 0.413700 ms CreateObjectMapping: 0.299700 ms MarkObjects: 5.794400 ms  DeleteObjects: 0.202100 ms)

AssetImportParameters requested are different than current active one (requested -> active):
  custom:video-decoder-ogg-theora: a1e56fd34408186e4bbccfd4996cb3dc -> 
  custom:container-muxer-webm: aa71ff27fc2769a1b78a27578f13a17b -> 
  custom:container-demuxer-webm: 4f35f7cbe854078d1ac9338744f61a02 -> 
  custom:video-encoder-webm-vp8: eb34c28f22e8b96e1ab97ce403110664 -> 
  custom:audio-encoder-webm-vorbis: bf7c407c2cedff20999df2af8eb42d56 -> 
  custom:framework-win-MediaFoundation: 216162199b28c13a410421893ffa2e32 -> 
  custom:container-demuxer-ogg: 62fdf1f143b41e24485cea50d1cbac27 -> 
  custom:video-decoder-webm-vp8: 9c59270c3fd7afecdb556c50c9e8de78 -> 
  custom:audio-decoder-ogg-vorbis: bf7c407c2cedff20999df2af8eb42d56 -> 
========================================================================
Received Prepare
Registering precompiled user dll's ...
Registered in 0.006415 seconds.
Begin MonoManager ReloadAssembly
Symbol file LoadedFromMemory doesn't match image D:\Projects\Game Development\Protos 1\Library\PackageCache\com.unity.visualscripting@1.7.7\Editor\VisualScripting.Core\Dependencies\DotNetZip\Unity.VisualScripting.IonicZip.dll
Symbol file LoadedFromMemory doesn't match image D:\Projects\Game Development\Protos 1\Library\PackageCache\com.unity.visualscripting@1.7.7\Editor\VisualScripting.Core\Dependencies\YamlDotNet\Unity.VisualScripting.YamlDotNet.dll
Native extension for WindowsStandalone target not found
Refreshing native plugins compatible for Editor in 1.19 ms, found 4 plugins.
Preloading 0 native plugins for Editor in 0.00 ms.
Mono: successfully reloaded assembly
- Completed reload, in  1.420 seconds
Domain Reload Profiling:
	ReloadAssembly (1420ms)
		BeginReloadAssembly (153ms)
			ExecutionOrderSort (0ms)
			DisableScriptedObjects (8ms)
			BackupInstance (0ms)
			ReleaseScriptingObjects (0ms)
			CreateAndSetChildDomain (46ms)
		EndReloadAssembly (1169ms)
			LoadAssemblies (112ms)
			RebuildTransferFunctionScriptingTraits (0ms)
			SetupTypeCache (354ms)
			ReleaseScriptCaches (2ms)
			RebuildScriptCaches (67ms)
			SetupLoadedEditorAssemblies (406ms)
				LogAssemblyErrors (0ms)
				InitializePlatformSupportModulesInManaged (9ms)
				SetLoadedEditorAssemblies (0ms)
				RefreshPlugins (1ms)
				BeforeProcessingInitializeOnLoad (78ms)
				ProcessInitializeOnLoadAttributes (193ms)
				ProcessInitializeOnLoadMethodAttributes (120ms)
				AfterProcessingInitializeOnLoad (3ms)
				EditorAssembliesLoaded (0ms)
			ExecutionOrderSort2 (0ms)
			AwakeInstancesAfterBackupRestoration (26ms)
Platform modules already initialized, skipping
Refreshing native plugins compatible for Editor in 5.45 ms, found 4 plugins.
Preloading 0 native plugins for Editor in 0.00 ms.
Unloading 4454 Unused Serialized files (Serialized files now loaded: 0)
Unloading 59 unused Assets / (195.6 KB). Loaded Objects now: 5094.
Memory consumption went from 168.4 MB to 168.2 MB.
Total: 7.910600 ms (FindLiveObjects: 0.438200 ms CreateObjectMapping: 0.105200 ms MarkObjects: 7.198900 ms  DeleteObjects: 0.166800 ms)

AssetImportParameters requested are different than current active one (requested -> active):
  custom:video-decoder-ogg-theora: a1e56fd34408186e4bbccfd4996cb3dc -> 
  custom:container-muxer-webm: aa71ff27fc2769a1b78a27578f13a17b -> 
  custom:container-demuxer-webm: 4f35f7cbe854078d1ac9338744f61a02 -> 
  custom:video-encoder-webm-vp8: eb34c28f22e8b96e1ab97ce403110664 -> 
  custom:audio-encoder-webm-vorbis: bf7c407c2cedff20999df2af8eb42d56 -> 
  custom:framework-win-MediaFoundation: 216162199b28c13a410421893ffa2e32 -> 
  custom:container-demuxer-ogg: 62fdf1f143b41e24485cea50d1cbac27 -> 
  custom:video-decoder-webm-vp8: 9c59270c3fd7afecdb556c50c9e8de78 -> 
  custom:audio-decoder-ogg-vorbis: bf7c407c2cedff20999df2af8eb42d56 -> 
========================================================================
Received Prepare
Registering precompiled user dll's ...
Registered in 0.008894 seconds.
Begin MonoManager ReloadAssembly
Symbol file LoadedFromMemory doesn't match image D:\Projects\Game Development\Protos 1\Library\PackageCache\com.unity.visualscripting@1.7.7\Editor\VisualScripting.Core\Dependencies\DotNetZip\Unity.VisualScripting.IonicZip.dll
Symbol file LoadedFromMemory doesn't match image D:\Projects\Game Development\Protos 1\Library\PackageCache\com.unity.visualscripting@1.7.7\Editor\VisualScripting.Core\Dependencies\YamlDotNet\Unity.VisualScripting.YamlDotNet.dll
Native extension for WindowsStandalone target not found
Refreshing native plugins compatible for Editor in 1.34 ms, found 4 plugins.
Preloading 0 native plugins for Editor in 0.00 ms.
Mono: successfully reloaded assembly
- Completed reload, in  1.440 seconds
Domain Reload Profiling:
	ReloadAssembly (1440ms)
		BeginReloadAssembly (161ms)
			ExecutionOrderSort (0ms)
			DisableScriptedObjects (7ms)
			BackupInstance (0ms)
			ReleaseScriptingObjects (0ms)
			CreateAndSetChildDomain (46ms)
		EndReloadAssembly (1184ms)
			LoadAssemblies (126ms)
			RebuildTransferFunctionScriptingTraits (0ms)
			SetupTypeCache (359ms)
			ReleaseScriptCaches (2ms)
			RebuildScriptCaches (54ms)
			SetupLoadedEditorAssemblies (420ms)
				LogAssemblyErrors (0ms)
				InitializePlatformSupportModulesInManaged (11ms)
				SetLoadedEditorAssemblies (0ms)
				RefreshPlugins (1ms)
				BeforeProcessingInitializeOnLoad (76ms)
				ProcessInitializeOnLoadAttributes (202ms)
				ProcessInitializeOnLoadMethodAttributes (126ms)
				AfterProcessingInitializeOnLoad (3ms)
				EditorAssembliesLoaded (0ms)
			ExecutionOrderSort2 (0ms)
			AwakeInstancesAfterBackupRestoration (26ms)
Platform modules already initialized, skipping
Refreshing native plugins compatible for Editor in 3.79 ms, found 4 plugins.
Preloading 0 native plugins for Editor in 0.00 ms.
Unloading 4454 Unused Serialized files (Serialized files now loaded: 0)
Unloading 59 unused Assets / (195.7 KB). Loaded Objects now: 5097.
Memory consumption went from 168.4 MB to 168.2 MB.
Total: 7.556500 ms (FindLiveObjects: 0.418800 ms CreateObjectMapping: 0.137700 ms MarkObjects: 6.789700 ms  DeleteObjects: 0.208800 ms)

AssetImportParameters requested are different than current active one (requested -> active):
  custom:video-decoder-ogg-theora: a1e56fd34408186e4bbccfd4996cb3dc -> 
  custom:container-muxer-webm: aa71ff27fc2769a1b78a27578f13a17b -> 
  custom:container-demuxer-webm: 4f35f7cbe854078d1ac9338744f61a02 -> 
  custom:video-encoder-webm-vp8: eb34c28f22e8b96e1ab97ce403110664 -> 
  custom:audio-encoder-webm-vorbis: bf7c407c2cedff20999df2af8eb42d56 -> 
  custom:framework-win-MediaFoundation: 216162199b28c13a410421893ffa2e32 -> 
  custom:container-demuxer-ogg: 62fdf1f143b41e24485cea50d1cbac27 -> 
  custom:video-decoder-webm-vp8: 9c59270c3fd7afecdb556c50c9e8de78 -> 
  custom:audio-decoder-ogg-vorbis: bf7c407c2cedff20999df2af8eb42d56 -> 
========================================================================
Received Import Request.
  Time since last request: 291.514616 seconds.
  path: Assets/Prefabs/Damageable.prefab
  artifactKey: Guid(2ec1860633bc8b140b903f77d2ce2119) Importer(815301076,1909f56bfc062723c751e8b465ee728b)
Start importing Assets/Prefabs/Damageable.prefab using Guid(2ec1860633bc8b140b903f77d2ce2119) Importer(815301076,1909f56bfc062723c751e8b465ee728b)  -> (artifact id: '38d79471a73c6800cdf2d577f670e508') in 0.056186 seconds 
========================================================================
Received Import Request.
  Time since last request: 40.110613 seconds.
  path: Assets/Prefabs/Damageable.prefab
  artifactKey: Guid(2ec1860633bc8b140b903f77d2ce2119) Importer(815301076,1909f56bfc062723c751e8b465ee728b)
Start importing Assets/Prefabs/Damageable.prefab using Guid(2ec1860633bc8b140b903f77d2ce2119) Importer(815301076,1909f56bfc062723c751e8b465ee728b)  -> (artifact id: '4bc517d293826d8a273bb06f0bbf7d10') in 0.012254 seconds 
========================================================================
Received Prepare
Registering precompiled user dll's ...
Registered in 0.009853 seconds.
Begin MonoManager ReloadAssembly
Symbol file LoadedFromMemory doesn't match image D:\Projects\Game Development\Protos 1\Library\PackageCache\com.unity.visualscripting@1.7.7\Editor\VisualScripting.Core\Dependencies\DotNetZip\Unity.VisualScripting.IonicZip.dll
Symbol file LoadedFromMemory doesn't match image D:\Projects\Game Development\Protos 1\Library\PackageCache\com.unity.visualscripting@1.7.7\Editor\VisualScripting.Core\Dependencies\YamlDotNet\Unity.VisualScripting.YamlDotNet.dll
Native extension for WindowsStandalone target not found
Refreshing native plugins compatible for Editor in 1.16 ms, found 4 plugins.
Preloading 0 native plugins for Editor in 0.00 ms.
Mono: successfully reloaded assembly
- Completed reload, in  1.455 seconds
Domain Reload Profiling:
	ReloadAssembly (1456ms)
		BeginReloadAssembly (158ms)
			ExecutionOrderSort (0ms)
			DisableScriptedObjects (7ms)
			BackupInstance (0ms)
			ReleaseScriptingObjects (0ms)
			CreateAndSetChildDomain (49ms)
		EndReloadAssembly (1195ms)
			LoadAssemblies (109ms)
			RebuildTransferFunctionScriptingTraits (0ms)
			SetupTypeCache (390ms)
			ReleaseScriptCaches (2ms)
			RebuildScriptCaches (52ms)
			SetupLoadedEditorAssemblies (439ms)
				LogAssemblyErrors (0ms)
				InitializePlatformSupportModulesInManaged (11ms)
				SetLoadedEditorAssemblies (0ms)
				RefreshPlugins (1ms)
				BeforeProcessingInitializeOnLoad (73ms)
				ProcessInitializeOnLoadAttributes (227ms)
				ProcessInitializeOnLoadMethodAttributes (123ms)
				AfterProcessingInitializeOnLoad (3ms)
				EditorAssembliesLoaded (0ms)
			ExecutionOrderSort2 (0ms)
			AwakeInstancesAfterBackupRestoration (28ms)
Platform modules already initialized, skipping
Script error: OnCollisionEnter
This message parameter has to be of type: Collision
The message will be ignored.
Refreshing native plugins compatible for Editor in 4.29 ms, found 4 plugins.
Preloading 0 native plugins for Editor in 0.00 ms.
Unloading 4454 Unused Serialized files (Serialized files now loaded: 0)
Unloading 59 unused Assets / (195.5 KB). Loaded Objects now: 5100.
Memory consumption went from 168.5 MB to 168.3 MB.
Total: 6.747000 ms (FindLiveObjects: 0.380100 ms CreateObjectMapping: 0.102300 ms MarkObjects: 6.091000 ms  DeleteObjects: 0.172200 ms)

AssetImportParameters requested are different than current active one (requested -> active):
  custom:video-decoder-ogg-theora: a1e56fd34408186e4bbccfd4996cb3dc -> 
  custom:container-muxer-webm: aa71ff27fc2769a1b78a27578f13a17b -> 
  custom:container-demuxer-webm: 4f35f7cbe854078d1ac9338744f61a02 -> 
  custom:video-encoder-webm-vp8: eb34c28f22e8b96e1ab97ce403110664 -> 
  custom:audio-encoder-webm-vorbis: bf7c407c2cedff20999df2af8eb42d56 -> 
  custom:framework-win-MediaFoundation: 216162199b28c13a410421893ffa2e32 -> 
  custom:container-demuxer-ogg: 62fdf1f143b41e24485cea50d1cbac27 -> 
  custom:video-decoder-webm-vp8: 9c59270c3fd7afecdb556c50c9e8de78 -> 
  custom:audio-decoder-ogg-vorbis: bf7c407c2cedff20999df2af8eb42d56 -> 
========================================================================
Received Import Request.
  Time since last request: 11.849294 seconds.
  path: Assets/Prefabs/Damageable.prefab
  artifactKey: Guid(2ec1860633bc8b140b903f77d2ce2119) Importer(815301076,1909f56bfc062723c751e8b465ee728b)
Start importing Assets/Prefabs/Damageable.prefab using Guid(2ec1860633bc8b140b903f77d2ce2119) Importer(815301076,1909f56bfc062723c751e8b465ee728b)  -> (artifact id: 'e68e61b9f4b6b84f702d22eefaa7a0e1') in 0.157852 seconds 
========================================================================
Received Prepare
Registering precompiled user dll's ...
Registered in 0.008546 seconds.
Begin MonoManager ReloadAssembly
Symbol file LoadedFromMemory doesn't match image D:\Projects\Game Development\Protos 1\Library\PackageCache\com.unity.visualscripting@1.7.7\Editor\VisualScripting.Core\Dependencies\DotNetZip\Unity.VisualScripting.IonicZip.dll
Symbol file LoadedFromMemory doesn't match image D:\Projects\Game Development\Protos 1\Library\PackageCache\com.unity.visualscripting@1.7.7\Editor\VisualScripting.Core\Dependencies\YamlDotNet\Unity.VisualScripting.YamlDotNet.dll
Native extension for WindowsStandalone target not found
Refreshing native plugins compatible for Editor in 1.83 ms, found 4 plugins.
Preloading 0 native plugins for Editor in 0.00 ms.
Mono: successfully reloaded assembly
- Completed reload, in  1.347 seconds
Domain Reload Profiling:
	ReloadAssembly (1348ms)
		BeginReloadAssembly (154ms)
			ExecutionOrderSort (0ms)
			DisableScriptedObjects (7ms)
			BackupInstance (0ms)
			ReleaseScriptingObjects (0ms)
			CreateAndSetChildDomain (49ms)
		EndReloadAssembly (1103ms)
			LoadAssemblies (102ms)
			RebuildTransferFunctionScriptingTraits (0ms)
			SetupTypeCache (358ms)
			ReleaseScriptCaches (2ms)
			RebuildScriptCaches (53ms)
			SetupLoadedEditorAssemblies (396ms)
				LogAssemblyErrors (0ms)
				InitializePlatformSupportModulesInManaged (11ms)
				SetLoadedEditorAssemblies (0ms)
				RefreshPlugins (2ms)
				BeforeProcessingInitializeOnLoad (72ms)
				ProcessInitializeOnLoadAttributes (181ms)
				ProcessInitializeOnLoadMethodAttributes (126ms)
				AfterProcessingInitializeOnLoad (3ms)
				EditorAssembliesLoaded (0ms)
			ExecutionOrderSort2 (0ms)
			AwakeInstancesAfterBackupRestoration (24ms)
Platform modules already initialized, skipping
Script error: OnCollisionEnter
This message parameter has to be of type: Collision
The message will be ignored.
Refreshing native plugins compatible for Editor in 6.03 ms, found 4 plugins.
Preloading 0 native plugins for Editor in 0.00 ms.
Unloading 4454 Unused Serialized files (Serialized files now loaded: 0)
Unloading 59 unused Assets / (195.8 KB). Loaded Objects now: 5103.
Memory consumption went from 168.5 MB to 168.3 MB.
Total: 6.935300 ms (FindLiveObjects: 0.484600 ms CreateObjectMapping: 0.126200 ms MarkObjects: 6.148500 ms  DeleteObjects: 0.174600 ms)

AssetImportParameters requested are different than current active one (requested -> active):
  custom:video-decoder-ogg-theora: a1e56fd34408186e4bbccfd4996cb3dc -> 
  custom:container-muxer-webm: aa71ff27fc2769a1b78a27578f13a17b -> 
  custom:container-demuxer-webm: 4f35f7cbe854078d1ac9338744f61a02 -> 
  custom:video-encoder-webm-vp8: eb34c28f22e8b96e1ab97ce403110664 -> 
  custom:audio-encoder-webm-vorbis: bf7c407c2cedff20999df2af8eb42d56 -> 
  custom:framework-win-MediaFoundation: 216162199b28c13a410421893ffa2e32 -> 
  custom:container-demuxer-ogg: 62fdf1f143b41e24485cea50d1cbac27 -> 
  custom:video-decoder-webm-vp8: 9c59270c3fd7afecdb556c50c9e8de78 -> 
  custom:audio-decoder-ogg-vorbis: bf7c407c2cedff20999df2af8eb42d56 -> 
========================================================================
Received Prepare
Registering precompiled user dll's ...
Registered in 0.007113 seconds.
Begin MonoManager ReloadAssembly
Symbol file LoadedFromMemory doesn't match image D:\Projects\Game Development\Protos 1\Library\PackageCache\com.unity.visualscripting@1.7.7\Editor\VisualScripting.Core\Dependencies\DotNetZip\Unity.VisualScripting.IonicZip.dll
Symbol file LoadedFromMemory doesn't match image D:\Projects\Game Development\Protos 1\Library\PackageCache\com.unity.visualscripting@1.7.7\Editor\VisualScripting.Core\Dependencies\YamlDotNet\Unity.VisualScripting.YamlDotNet.dll
Native extension for WindowsStandalone target not found
Refreshing native plugins compatible for Editor in 1.32 ms, found 4 plugins.
Preloading 0 native plugins for Editor in 0.00 ms.
Mono: successfully reloaded assembly
- Completed reload, in  1.455 seconds
Domain Reload Profiling:
	ReloadAssembly (1456ms)
		BeginReloadAssembly (147ms)
			ExecutionOrderSort (0ms)
			DisableScriptedObjects (7ms)
			BackupInstance (0ms)
			ReleaseScriptingObjects (0ms)
			CreateAndSetChildDomain (44ms)
		EndReloadAssembly (1215ms)
			LoadAssemblies (103ms)
			RebuildTransferFunctionScriptingTraits (0ms)
			SetupTypeCache (393ms)
			ReleaseScriptCaches (2ms)
			RebuildScriptCaches (71ms)
			SetupLoadedEditorAssemblies (404ms)
				LogAssemblyErrors (0ms)
				InitializePlatformSupportModulesInManaged (10ms)
				SetLoadedEditorAssemblies (0ms)
				RefreshPlugins (1ms)
				BeforeProcessingInitializeOnLoad (73ms)
				ProcessInitializeOnLoadAttributes (200ms)
				ProcessInitializeOnLoadMethodAttributes (118ms)
				AfterProcessingInitializeOnLoad (2ms)
				EditorAssembliesLoaded (0ms)
			ExecutionOrderSort2 (0ms)
			AwakeInstancesAfterBackupRestoration (22ms)
Platform modules already initialized, skipping
Script error: OnCollisionEnter
This message parameter has to be of type: Collision
The message will be ignored.
Refreshing native plugins compatible for Editor in 4.32 ms, found 4 plugins.
Preloading 0 native plugins for Editor in 0.00 ms.
Unloading 4454 Unused Serialized files (Serialized files now loaded: 0)
Unloading 59 unused Assets / (195.7 KB). Loaded Objects now: 5106.
Memory consumption went from 168.5 MB to 168.3 MB.
Total: 6.541400 ms (FindLiveObjects: 0.442300 ms CreateObjectMapping: 0.128000 ms MarkObjects: 5.797000 ms  DeleteObjects: 0.172600 ms)

AssetImportParameters requested are different than current active one (requested -> active):
  custom:video-decoder-ogg-theora: a1e56fd34408186e4bbccfd4996cb3dc -> 
  custom:container-muxer-webm: aa71ff27fc2769a1b78a27578f13a17b -> 
  custom:container-demuxer-webm: 4f35f7cbe854078d1ac9338744f61a02 -> 
  custom:video-encoder-webm-vp8: eb34c28f22e8b96e1ab97ce403110664 -> 
  custom:audio-encoder-webm-vorbis: bf7c407c2cedff20999df2af8eb42d56 -> 
  custom:framework-win-MediaFoundation: 216162199b28c13a410421893ffa2e32 -> 
  custom:container-demuxer-ogg: 62fdf1f143b41e24485cea50d1cbac27 -> 
  custom:video-decoder-webm-vp8: 9c59270c3fd7afecdb556c50c9e8de78 -> 
  custom:audio-decoder-ogg-vorbis: bf7c407c2cedff20999df2af8eb42d56 -> 
========================================================================
Received Import Request.
  Time since last request: 102.499001 seconds.
  path: Assets/Prefabs/Damageable.prefab
  artifactKey: Guid(2ec1860633bc8b140b903f77d2ce2119) Importer(815301076,1909f56bfc062723c751e8b465ee728b)
Start importing Assets/Prefabs/Damageable.prefab using Guid(2ec1860633bc8b140b903f77d2ce2119) Importer(815301076,1909f56bfc062723c751e8b465ee728b)  -> (artifact id: 'a541ead38bab505046ee1014d70677bc') in 0.058248 seconds 
========================================================================
Received Prepare
Registering precompiled user dll's ...
Registered in 0.006510 seconds.
Begin MonoManager ReloadAssembly
Symbol file LoadedFromMemory doesn't match image D:\Projects\Game Development\Protos 1\Library\PackageCache\com.unity.visualscripting@1.7.7\Editor\VisualScripting.Core\Dependencies\DotNetZip\Unity.VisualScripting.IonicZip.dll
Symbol file LoadedFromMemory doesn't match image D:\Projects\Game Development\Protos 1\Library\PackageCache\com.unity.visualscripting@1.7.7\Editor\VisualScripting.Core\Dependencies\YamlDotNet\Unity.VisualScripting.YamlDotNet.dll
Native extension for WindowsStandalone target not found
Refreshing native plugins compatible for Editor in 1.81 ms, found 4 plugins.
Preloading 0 native plugins for Editor in 0.00 ms.
Mono: successfully reloaded assembly
- Completed reload, in  1.374 seconds
Domain Reload Profiling:
	ReloadAssembly (1374ms)
		BeginReloadAssembly (158ms)
			ExecutionOrderSort (0ms)
			DisableScriptedObjects (6ms)
			BackupInstance (0ms)
			ReleaseScriptingObjects (0ms)
			CreateAndSetChildDomain (42ms)
		EndReloadAssembly (1120ms)
			LoadAssemblies (126ms)
			RebuildTransferFunctionScriptingTraits (0ms)
			SetupTypeCache (343ms)
			ReleaseScriptCaches (2ms)
			RebuildScriptCaches (46ms)
			SetupLoadedEditorAssemblies (415ms)
				LogAssemblyErrors (0ms)
				InitializePlatformSupportModulesInManaged (11ms)
				SetLoadedEditorAssemblies (1ms)
				RefreshPlugins (2ms)
				BeforeProcessingInitializeOnLoad (74ms)
				ProcessInitializeOnLoadAttributes (199ms)
				ProcessInitializeOnLoadMethodAttributes (124ms)
				AfterProcessingInitializeOnLoad (3ms)
				EditorAssembliesLoaded (0ms)
			ExecutionOrderSort2 (0ms)
			AwakeInstancesAfterBackupRestoration (27ms)
Platform modules already initialized, skipping
Script error: OnCollisionEnter
This message parameter has to be of type: Collision
The message will be ignored.
Refreshing native plugins compatible for Editor in 4.12 ms, found 4 plugins.
Preloading 0 native plugins for Editor in 0.00 ms.
Unloading 4454 Unused Serialized files (Serialized files now loaded: 0)
Unloading 59 unused Assets / (195.5 KB). Loaded Objects now: 5109.
Memory consumption went from 168.5 MB to 168.4 MB.
Total: 6.902700 ms (FindLiveObjects: 0.429900 ms CreateObjectMapping: 0.113400 ms MarkObjects: 6.177300 ms  DeleteObjects: 0.180500 ms)

AssetImportParameters requested are different than current active one (requested -> active):
  custom:video-decoder-ogg-theora: a1e56fd34408186e4bbccfd4996cb3dc -> 
  custom:container-muxer-webm: aa71ff27fc2769a1b78a27578f13a17b -> 
  custom:container-demuxer-webm: 4f35f7cbe854078d1ac9338744f61a02 -> 
  custom:video-encoder-webm-vp8: eb34c28f22e8b96e1ab97ce403110664 -> 
  custom:audio-encoder-webm-vorbis: bf7c407c2cedff20999df2af8eb42d56 -> 
  custom:framework-win-MediaFoundation: 216162199b28c13a410421893ffa2e32 -> 
  custom:container-demuxer-ogg: 62fdf1f143b41e24485cea50d1cbac27 -> 
  custom:video-decoder-webm-vp8: 9c59270c3fd7afecdb556c50c9e8de78 -> 
  custom:audio-decoder-ogg-vorbis: bf7c407c2cedff20999df2af8eb42d56 -> 
========================================================================
Received Prepare
Registering precompiled user dll's ...
Registered in 0.007648 seconds.
Begin MonoManager ReloadAssembly
Symbol file LoadedFromMemory doesn't match image D:\Projects\Game Development\Protos 1\Library\PackageCache\com.unity.visualscripting@1.7.7\Editor\VisualScripting.Core\Dependencies\DotNetZip\Unity.VisualScripting.IonicZip.dll
Symbol file LoadedFromMemory doesn't match image D:\Projects\Game Development\Protos 1\Library\PackageCache\com.unity.visualscripting@1.7.7\Editor\VisualScripting.Core\Dependencies\YamlDotNet\Unity.VisualScripting.YamlDotNet.dll
Native extension for WindowsStandalone target not found
Refreshing native plugins compatible for Editor in 1.34 ms, found 4 plugins.
Preloading 0 native plugins for Editor in 0.00 ms.
Mono: successfully reloaded assembly
- Completed reload, in  1.432 seconds
Domain Reload Profiling:
	ReloadAssembly (1433ms)
		BeginReloadAssembly (158ms)
			ExecutionOrderSort (0ms)
			DisableScriptedObjects (7ms)
			BackupInstance (0ms)
			ReleaseScriptingObjects (0ms)
			CreateAndSetChildDomain (47ms)
		EndReloadAssembly (1180ms)
			LoadAssemblies (113ms)
			RebuildTransferFunctionScriptingTraits (0ms)
			SetupTypeCache (363ms)
			ReleaseScriptCaches (2ms)
			RebuildScriptCaches (59ms)
			SetupLoadedEditorAssemblies (424ms)
				LogAssemblyErrors (0ms)
				InitializePlatformSupportModulesInManaged (9ms)
				SetLoadedEditorAssemblies (0ms)
				RefreshPlugins (1ms)
				BeforeProcessingInitializeOnLoad (78ms)
				ProcessInitializeOnLoadAttributes (204ms)
				ProcessInitializeOnLoadMethodAttributes (128ms)
				AfterProcessingInitializeOnLoad (2ms)
				EditorAssembliesLoaded (0ms)
			ExecutionOrderSort2 (0ms)
			AwakeInstancesAfterBackupRestoration (25ms)
Platform modules already initialized, skipping
Script error: OnCollisionEnter
This message parameter has to be of type: Collision
The message will be ignored.
Refreshing native plugins compatible for Editor in 5.01 ms, found 4 plugins.
Preloading 0 native plugins for Editor in 0.00 ms.
Unloading 4454 Unused Serialized files (Serialized files now loaded: 0)
Unloading 59 unused Assets / (195.7 KB). Loaded Objects now: 5112.
Memory consumption went from 168.6 MB to 168.4 MB.
Total: 7.781800 ms (FindLiveObjects: 0.393900 ms CreateObjectMapping: 0.112100 ms MarkObjects: 7.097600 ms  DeleteObjects: 0.176900 ms)

AssetImportParameters requested are different than current active one (requested -> active):
  custom:video-decoder-ogg-theora: a1e56fd34408186e4bbccfd4996cb3dc -> 
  custom:container-muxer-webm: aa71ff27fc2769a1b78a27578f13a17b -> 
  custom:container-demuxer-webm: 4f35f7cbe854078d1ac9338744f61a02 -> 
  custom:video-encoder-webm-vp8: eb34c28f22e8b96e1ab97ce403110664 -> 
  custom:audio-encoder-webm-vorbis: bf7c407c2cedff20999df2af8eb42d56 -> 
  custom:framework-win-MediaFoundation: 216162199b28c13a410421893ffa2e32 -> 
  custom:container-demuxer-ogg: 62fdf1f143b41e24485cea50d1cbac27 -> 
  custom:video-decoder-webm-vp8: 9c59270c3fd7afecdb556c50c9e8de78 -> 
  custom:audio-decoder-ogg-vorbis: bf7c407c2cedff20999df2af8eb42d56 -> 
========================================================================
Received Import Request.
  Time since last request: 42.910311 seconds.
  path: Assets/Prefabs/Damageable.prefab
  artifactKey: Guid(2ec1860633bc8b140b903f77d2ce2119) Importer(815301076,1909f56bfc062723c751e8b465ee728b)
Start importing Assets/Prefabs/Damageable.prefab using Guid(2ec1860633bc8b140b903f77d2ce2119) Importer(815301076,1909f56bfc062723c751e8b465ee728b)  -> (artifact id: '426c8150d0240f79dd5e13bfaaf9c78d') in 0.055360 seconds 
========================================================================
Received Prepare
Registering precompiled user dll's ...
Registered in 0.008682 seconds.
Begin MonoManager ReloadAssembly
Symbol file LoadedFromMemory doesn't match image D:\Projects\Game Development\Protos 1\Library\PackageCache\com.unity.visualscripting@1.7.7\Editor\VisualScripting.Core\Dependencies\DotNetZip\Unity.VisualScripting.IonicZip.dll
Symbol file LoadedFromMemory doesn't match image D:\Projects\Game Development\Protos 1\Library\PackageCache\com.unity.visualscripting@1.7.7\Editor\VisualScripting.Core\Dependencies\YamlDotNet\Unity.VisualScripting.YamlDotNet.dll
Native extension for WindowsStandalone target not found
Refreshing native plugins compatible for Editor in 1.14 ms, found 4 plugins.
Preloading 0 native plugins for Editor in 0.00 ms.
Mono: successfully reloaded assembly
- Completed reload, in  1.322 seconds
Domain Reload Profiling:
	ReloadAssembly (1322ms)
		BeginReloadAssembly (145ms)
			ExecutionOrderSort (0ms)
			DisableScriptedObjects (5ms)
			BackupInstance (0ms)
			ReleaseScriptingObjects (0ms)
			CreateAndSetChildDomain (47ms)
		EndReloadAssembly (1077ms)
			LoadAssemblies (97ms)
			RebuildTransferFunctionScriptingTraits (0ms)
			SetupTypeCache (364ms)
			ReleaseScriptCaches (2ms)
			RebuildScriptCaches (48ms)
			SetupLoadedEditorAssemblies (363ms)
				LogAssemblyErrors (0ms)
				InitializePlatformSupportModulesInManaged (9ms)
				SetLoadedEditorAssemblies (0ms)
				RefreshPlugins (1ms)
				BeforeProcessingInitializeOnLoad (65ms)
				ProcessInitializeOnLoadAttributes (175ms)
				ProcessInitializeOnLoadMethodAttributes (110ms)
				AfterProcessingInitializeOnLoad (2ms)
				EditorAssembliesLoaded (0ms)
			ExecutionOrderSort2 (0ms)
			AwakeInstancesAfterBackupRestoration (24ms)
Platform modules already initialized, skipping
Refreshing native plugins compatible for Editor in 3.62 ms, found 4 plugins.
Preloading 0 native plugins for Editor in 0.00 ms.
Unloading 4454 Unused Serialized files (Serialized files now loaded: 0)
Unloading 59 unused Assets / (195.8 KB). Loaded Objects now: 5115.
Memory consumption went from 168.5 MB to 168.3 MB.
Total: 7.137000 ms (FindLiveObjects: 0.515500 ms CreateObjectMapping: 0.384200 ms MarkObjects: 6.034500 ms  DeleteObjects: 0.201400 ms)

AssetImportParameters requested are different than current active one (requested -> active):
  custom:video-decoder-ogg-theora: a1e56fd34408186e4bbccfd4996cb3dc -> 
  custom:container-muxer-webm: aa71ff27fc2769a1b78a27578f13a17b -> 
  custom:container-demuxer-webm: 4f35f7cbe854078d1ac9338744f61a02 -> 
  custom:video-encoder-webm-vp8: eb34c28f22e8b96e1ab97ce403110664 -> 
  custom:audio-encoder-webm-vorbis: bf7c407c2cedff20999df2af8eb42d56 -> 
  custom:framework-win-MediaFoundation: 216162199b28c13a410421893ffa2e32 -> 
  custom:container-demuxer-ogg: 62fdf1f143b41e24485cea50d1cbac27 -> 
  custom:video-decoder-webm-vp8: 9c59270c3fd7afecdb556c50c9e8de78 -> 
  custom:audio-decoder-ogg-vorbis: bf7c407c2cedff20999df2af8eb42d56 -> 
========================================================================
Received Prepare
Registering precompiled user dll's ...
Registered in 0.007421 seconds.
Begin MonoManager ReloadAssembly
Symbol file LoadedFromMemory doesn't match image D:\Projects\Game Development\Protos 1\Library\PackageCache\com.unity.visualscripting@1.7.7\Editor\VisualScripting.Core\Dependencies\DotNetZip\Unity.VisualScripting.IonicZip.dll
Symbol file LoadedFromMemory doesn't match image D:\Projects\Game Development\Protos 1\Library\PackageCache\com.unity.visualscripting@1.7.7\Editor\VisualScripting.Core\Dependencies\YamlDotNet\Unity.VisualScripting.YamlDotNet.dll
Native extension for WindowsStandalone target not found
Refreshing native plugins compatible for Editor in 1.19 ms, found 4 plugins.
Preloading 0 native plugins for Editor in 0.00 ms.
Mono: successfully reloaded assembly
- Completed reload, in  1.388 seconds
Domain Reload Profiling:
	ReloadAssembly (1389ms)
		BeginReloadAssembly (154ms)
			ExecutionOrderSort (0ms)
			DisableScriptedObjects (6ms)
			BackupInstance (0ms)
			ReleaseScriptingObjects (0ms)
			CreateAndSetChildDomain (46ms)
		EndReloadAssembly (1146ms)
			LoadAssemblies (111ms)
			RebuildTransferFunctionScriptingTraits (0ms)
			SetupTypeCache (354ms)
			ReleaseScriptCaches (2ms)
			RebuildScriptCaches (55ms)
			SetupLoadedEditorAssemblies (400ms)
				LogAssemblyErrors (0ms)
				InitializePlatformSupportModulesInManaged (10ms)
				SetLoadedEditorAssemblies (0ms)
				RefreshPlugins (1ms)
				BeforeProcessingInitializeOnLoad (74ms)
				ProcessInitializeOnLoadAttributes (199ms)
				ProcessInitializeOnLoadMethodAttributes (113ms)
				AfterProcessingInitializeOnLoad (2ms)
				EditorAssembliesLoaded (0ms)
			ExecutionOrderSort2 (0ms)
			AwakeInstancesAfterBackupRestoration (22ms)
Platform modules already initialized, skipping
Refreshing native plugins compatible for Editor in 4.90 ms, found 4 plugins.
Preloading 0 native plugins for Editor in 0.00 ms.
Unloading 4454 Unused Serialized files (Serialized files now loaded: 0)
Unloading 59 unused Assets / (195.8 KB). Loaded Objects now: 5118.
Memory consumption went from 168.5 MB to 168.3 MB.
Total: 6.928900 ms (FindLiveObjects: 0.356500 ms CreateObjectMapping: 0.114800 ms MarkObjects: 6.274100 ms  DeleteObjects: 0.182300 ms)

AssetImportParameters requested are different than current active one (requested -> active):
  custom:video-decoder-ogg-theora: a1e56fd34408186e4bbccfd4996cb3dc -> 
  custom:container-muxer-webm: aa71ff27fc2769a1b78a27578f13a17b -> 
  custom:container-demuxer-webm: 4f35f7cbe854078d1ac9338744f61a02 -> 
  custom:video-encoder-webm-vp8: eb34c28f22e8b96e1ab97ce403110664 -> 
  custom:audio-encoder-webm-vorbis: bf7c407c2cedff20999df2af8eb42d56 -> 
  custom:framework-win-MediaFoundation: 216162199b28c13a410421893ffa2e32 -> 
  custom:container-demuxer-ogg: 62fdf1f143b41e24485cea50d1cbac27 -> 
  custom:video-decoder-webm-vp8: 9c59270c3fd7afecdb556c50c9e8de78 -> 
  custom:audio-decoder-ogg-vorbis: bf7c407c2cedff20999df2af8eb42d56 -> 
========================================================================
Received Prepare
Registering precompiled user dll's ...
Registered in 0.006767 seconds.
Begin MonoManager ReloadAssembly
Symbol file LoadedFromMemory doesn't match image D:\Projects\Game Development\Protos 1\Library\PackageCache\com.unity.visualscripting@1.7.7\Editor\VisualScripting.Core\Dependencies\DotNetZip\Unity.VisualScripting.IonicZip.dll
Symbol file LoadedFromMemory doesn't match image D:\Projects\Game Development\Protos 1\Library\PackageCache\com.unity.visualscripting@1.7.7\Editor\VisualScripting.Core\Dependencies\YamlDotNet\Unity.VisualScripting.YamlDotNet.dll
Native extension for WindowsStandalone target not found
Refreshing native plugins compatible for Editor in 1.29 ms, found 4 plugins.
Preloading 0 native plugins for Editor in 0.00 ms.
Mono: successfully reloaded assembly
- Completed reload, in  1.357 seconds
Domain Reload Profiling:
	ReloadAssembly (1358ms)
		BeginReloadAssembly (154ms)
			ExecutionOrderSort (0ms)
			DisableScriptedObjects (12ms)
			BackupInstance (0ms)
			ReleaseScriptingObjects (0ms)
			CreateAndSetChildDomain (46ms)
		EndReloadAssembly (1111ms)
			LoadAssemblies (105ms)
			RebuildTransferFunctionScriptingTraits (0ms)
			SetupTypeCache (346ms)
			ReleaseScriptCaches (2ms)
			RebuildScriptCaches (53ms)
			SetupLoadedEditorAssemblies (385ms)
				LogAssemblyErrors (0ms)
				InitializePlatformSupportModulesInManaged (10ms)
				SetLoadedEditorAssemblies (0ms)
				RefreshPlugins (1ms)
				BeforeProcessingInitializeOnLoad (71ms)
				ProcessInitializeOnLoadAttributes (185ms)
				ProcessInitializeOnLoadMethodAttributes (115ms)
				AfterProcessingInitializeOnLoad (3ms)
				EditorAssembliesLoaded (0ms)
			ExecutionOrderSort2 (0ms)
			AwakeInstancesAfterBackupRestoration (25ms)
Platform modules already initialized, skipping
Refreshing native plugins compatible for Editor in 4.42 ms, found 4 plugins.
Preloading 0 native plugins for Editor in 0.00 ms.
Unloading 4454 Unused Serialized files (Serialized files now loaded: 0)
Unloading 59 unused Assets / (195.6 KB). Loaded Objects now: 5121.
Memory consumption went from 168.5 MB to 168.3 MB.
Total: 7.034500 ms (FindLiveObjects: 0.501900 ms CreateObjectMapping: 0.148100 ms MarkObjects: 6.198100 ms  DeleteObjects: 0.185000 ms)

AssetImportParameters requested are different than current active one (requested -> active):
  custom:video-decoder-ogg-theora: a1e56fd34408186e4bbccfd4996cb3dc -> 
  custom:container-muxer-webm: aa71ff27fc2769a1b78a27578f13a17b -> 
  custom:container-demuxer-webm: 4f35f7cbe854078d1ac9338744f61a02 -> 
  custom:video-encoder-webm-vp8: eb34c28f22e8b96e1ab97ce403110664 -> 
  custom:audio-encoder-webm-vorbis: bf7c407c2cedff20999df2af8eb42d56 -> 
  custom:framework-win-MediaFoundation: 216162199b28c13a410421893ffa2e32 -> 
  custom:container-demuxer-ogg: 62fdf1f143b41e24485cea50d1cbac27 -> 
  custom:video-decoder-webm-vp8: 9c59270c3fd7afecdb556c50c9e8de78 -> 
  custom:audio-decoder-ogg-vorbis: bf7c407c2cedff20999df2af8eb42d56 -> 
========================================================================
Received Import Request.
  Time since last request: 226.767169 seconds.
  path: Assets/Prefabs/MrClockwork.prefab
  artifactKey: Guid(87747983899cbed4a9c6c802c994af4f) Importer(815301076,1909f56bfc062723c751e8b465ee728b)
Start importing Assets/Prefabs/MrClockwork.prefab using Guid(87747983899cbed4a9c6c802c994af4f) Importer(815301076,1909f56bfc062723c751e8b465ee728b)  -> (artifact id: '88e933bb86ed114fca7ca279f15be4b5') in 0.057584 seconds 
========================================================================
Received Import Request.
  Time since last request: 2.291167 seconds.
  path: Assets/Prefabs/MrClockwork.prefab
  artifactKey: Guid(87747983899cbed4a9c6c802c994af4f) Importer(815301076,1909f56bfc062723c751e8b465ee728b)
Start importing Assets/Prefabs/MrClockwork.prefab using Guid(87747983899cbed4a9c6c802c994af4f) Importer(815301076,1909f56bfc062723c751e8b465ee728b)  -> (artifact id: '9731d835afd200a5d36117782ccd76a1') in 0.008033 seconds 
========================================================================
Received Import Request.
  Time since last request: 9.045637 seconds.
  path: Assets/Prefabs/MrClockwork.prefab
  artifactKey: Guid(87747983899cbed4a9c6c802c994af4f) Importer(815301076,1909f56bfc062723c751e8b465ee728b)
Start importing Assets/Prefabs/MrClockwork.prefab using Guid(87747983899cbed4a9c6c802c994af4f) Importer(815301076,1909f56bfc062723c751e8b465ee728b)  -> (artifact id: '9a6ad976b76ff4e4871d9f747ad94771') in 0.008821 seconds 
========================================================================
Received Import Request.
  Time since last request: 2.203133 seconds.
  path: Assets/Prefabs/MrClockwork.prefab
  artifactKey: Guid(87747983899cbed4a9c6c802c994af4f) Importer(815301076,1909f56bfc062723c751e8b465ee728b)
Start importing Assets/Prefabs/MrClockwork.prefab using Guid(87747983899cbed4a9c6c802c994af4f) Importer(815301076,1909f56bfc062723c751e8b465ee728b)  -> (artifact id: '524a43e970ca48a5139e9b43a0c93673') in 0.009874 seconds 
========================================================================
Received Prepare
Registering precompiled user dll's ...
Registered in 0.009941 seconds.
Begin MonoManager ReloadAssembly
Symbol file LoadedFromMemory doesn't match image D:\Projects\Game Development\Protos 1\Library\PackageCache\com.unity.visualscripting@1.7.7\Editor\VisualScripting.Core\Dependencies\DotNetZip\Unity.VisualScripting.IonicZip.dll
Symbol file LoadedFromMemory doesn't match image D:\Projects\Game Development\Protos 1\Library\PackageCache\com.unity.visualscripting@1.7.7\Editor\VisualScripting.Core\Dependencies\YamlDotNet\Unity.VisualScripting.YamlDotNet.dll
Native extension for WindowsStandalone target not found
Refreshing native plugins compatible for Editor in 1.32 ms, found 4 plugins.
Preloading 0 native plugins for Editor in 0.00 ms.
Mono: successfully reloaded assembly
- Completed reload, in  1.333 seconds
Domain Reload Profiling:
	ReloadAssembly (1334ms)
		BeginReloadAssembly (154ms)
			ExecutionOrderSort (0ms)
			DisableScriptedObjects (6ms)
			BackupInstance (0ms)
			ReleaseScriptingObjects (0ms)
			CreateAndSetChildDomain (47ms)
		EndReloadAssembly (1088ms)
			LoadAssemblies (110ms)
			RebuildTransferFunctionScriptingTraits (0ms)
			SetupTypeCache (356ms)
			ReleaseScriptCaches (2ms)
			RebuildScriptCaches (51ms)
			SetupLoadedEditorAssemblies (376ms)
				LogAssemblyErrors (0ms)
				InitializePlatformSupportModulesInManaged (9ms)
				SetLoadedEditorAssemblies (0ms)
				RefreshPlugins (1ms)
				BeforeProcessingInitializeOnLoad (72ms)
				ProcessInitializeOnLoadAttributes (174ms)
				ProcessInitializeOnLoadMethodAttributes (116ms)
				AfterProcessingInitializeOnLoad (3ms)
				EditorAssembliesLoaded (0ms)
			ExecutionOrderSort2 (0ms)
			AwakeInstancesAfterBackupRestoration (22ms)
Platform modules already initialized, skipping
Refreshing native plugins compatible for Editor in 5.32 ms, found 4 plugins.
Preloading 0 native plugins for Editor in 0.00 ms.
Unloading 4454 Unused Serialized files (Serialized files now loaded: 0)
Unloading 59 unused Assets / (195.8 KB). Loaded Objects now: 5124.
Memory consumption went from 168.5 MB to 168.3 MB.
Total: 6.246000 ms (FindLiveObjects: 0.350800 ms CreateObjectMapping: 0.183400 ms MarkObjects: 5.493300 ms  DeleteObjects: 0.217100 ms)

AssetImportParameters requested are different than current active one (requested -> active):
  custom:video-decoder-ogg-theora: a1e56fd34408186e4bbccfd4996cb3dc -> 
  custom:container-muxer-webm: aa71ff27fc2769a1b78a27578f13a17b -> 
  custom:container-demuxer-webm: 4f35f7cbe854078d1ac9338744f61a02 -> 
  custom:video-encoder-webm-vp8: eb34c28f22e8b96e1ab97ce403110664 -> 
  custom:audio-encoder-webm-vorbis: bf7c407c2cedff20999df2af8eb42d56 -> 
  custom:framework-win-MediaFoundation: 216162199b28c13a410421893ffa2e32 -> 
  custom:container-demuxer-ogg: 62fdf1f143b41e24485cea50d1cbac27 -> 
  custom:video-decoder-webm-vp8: 9c59270c3fd7afecdb556c50c9e8de78 -> 
  custom:audio-decoder-ogg-vorbis: bf7c407c2cedff20999df2af8eb42d56 -> 
========================================================================
Received Import Request.
  Time since last request: 172.408276 seconds.
  path: Assets/Prefabs/Damageable.prefab
  artifactKey: Guid(2ec1860633bc8b140b903f77d2ce2119) Importer(815301076,1909f56bfc062723c751e8b465ee728b)
Start importing Assets/Prefabs/Damageable.prefab using Guid(2ec1860633bc8b140b903f77d2ce2119) Importer(815301076,1909f56bfc062723c751e8b465ee728b)  -> (artifact id: '41270df7e83e2358edf534b2375ce4b9') in 0.053594 seconds 
========================================================================
Received Prepare
Registering precompiled user dll's ...
Registered in 0.007244 seconds.
Begin MonoManager ReloadAssembly
Symbol file LoadedFromMemory doesn't match image D:\Projects\Game Development\Protos 1\Library\PackageCache\com.unity.visualscripting@1.7.7\Editor\VisualScripting.Core\Dependencies\DotNetZip\Unity.VisualScripting.IonicZip.dll
Symbol file LoadedFromMemory doesn't match image D:\Projects\Game Development\Protos 1\Library\PackageCache\com.unity.visualscripting@1.7.7\Editor\VisualScripting.Core\Dependencies\YamlDotNet\Unity.VisualScripting.YamlDotNet.dll
Native extension for WindowsStandalone target not found
Refreshing native plugins compatible for Editor in 1.77 ms, found 4 plugins.
Preloading 0 native plugins for Editor in 0.00 ms.
Mono: successfully reloaded assembly
- Completed reload, in  1.382 seconds
Domain Reload Profiling:
	ReloadAssembly (1382ms)
		BeginReloadAssembly (158ms)
			ExecutionOrderSort (0ms)
			DisableScriptedObjects (5ms)
			BackupInstance (0ms)
			ReleaseScriptingObjects (0ms)
			CreateAndSetChildDomain (54ms)
		EndReloadAssembly (1126ms)
			LoadAssemblies (101ms)
			RebuildTransferFunctionScriptingTraits (0ms)
			SetupTypeCache (347ms)
			ReleaseScriptCaches (2ms)
			RebuildScriptCaches (50ms)
			SetupLoadedEditorAssemblies (414ms)
				LogAssemblyErrors (0ms)
				InitializePlatformSupportModulesInManaged (10ms)
				SetLoadedEditorAssemblies (0ms)
				RefreshPlugins (2ms)
				BeforeProcessingInitializeOnLoad (77ms)
				ProcessInitializeOnLoadAttributes (200ms)
				ProcessInitializeOnLoadMethodAttributes (123ms)
				AfterProcessingInitializeOnLoad (2ms)
				EditorAssembliesLoaded (0ms)
			ExecutionOrderSort2 (0ms)
			AwakeInstancesAfterBackupRestoration (23ms)
Platform modules already initialized, skipping
Refreshing native plugins compatible for Editor in 3.76 ms, found 4 plugins.
Preloading 0 native plugins for Editor in 0.00 ms.
Unloading 4454 Unused Serialized files (Serialized files now loaded: 0)
Unloading 59 unused Assets / (195.5 KB). Loaded Objects now: 5127.
Memory consumption went from 168.5 MB to 168.3 MB.
Total: 7.014600 ms (FindLiveObjects: 0.408200 ms CreateObjectMapping: 0.115100 ms MarkObjects: 6.311900 ms  DeleteObjects: 0.177300 ms)

AssetImportParameters requested are different than current active one (requested -> active):
  custom:video-decoder-ogg-theora: a1e56fd34408186e4bbccfd4996cb3dc -> 
  custom:container-muxer-webm: aa71ff27fc2769a1b78a27578f13a17b -> 
  custom:container-demuxer-webm: 4f35f7cbe854078d1ac9338744f61a02 -> 
  custom:video-encoder-webm-vp8: eb34c28f22e8b96e1ab97ce403110664 -> 
  custom:audio-encoder-webm-vorbis: bf7c407c2cedff20999df2af8eb42d56 -> 
  custom:framework-win-MediaFoundation: 216162199b28c13a410421893ffa2e32 -> 
  custom:container-demuxer-ogg: 62fdf1f143b41e24485cea50d1cbac27 -> 
  custom:video-decoder-webm-vp8: 9c59270c3fd7afecdb556c50c9e8de78 -> 
  custom:audio-decoder-ogg-vorbis: bf7c407c2cedff20999df2af8eb42d56 -> 
========================================================================
Received Prepare
Registering precompiled user dll's ...
Registered in 0.008010 seconds.
Begin MonoManager ReloadAssembly
Symbol file LoadedFromMemory doesn't match image D:\Projects\Game Development\Protos 1\Library\PackageCache\com.unity.visualscripting@1.7.7\Editor\VisualScripting.Core\Dependencies\DotNetZip\Unity.VisualScripting.IonicZip.dll
Symbol file LoadedFromMemory doesn't match image D:\Projects\Game Development\Protos 1\Library\PackageCache\com.unity.visualscripting@1.7.7\Editor\VisualScripting.Core\Dependencies\YamlDotNet\Unity.VisualScripting.YamlDotNet.dll
Native extension for WindowsStandalone target not found
Refreshing native plugins compatible for Editor in 1.75 ms, found 4 plugins.
Preloading 0 native plugins for Editor in 0.00 ms.
Mono: successfully reloaded assembly
- Completed reload, in  1.393 seconds
Domain Reload Profiling:
	ReloadAssembly (1394ms)
		BeginReloadAssembly (145ms)
			ExecutionOrderSort (0ms)
			DisableScriptedObjects (6ms)
			BackupInstance (0ms)
			ReleaseScriptingObjects (0ms)
			CreateAndSetChildDomain (43ms)
		EndReloadAssembly (1160ms)
			LoadAssemblies (101ms)
			RebuildTransferFunctionScriptingTraits (0ms)
			SetupTypeCache (361ms)
			ReleaseScriptCaches (2ms)
			RebuildScriptCaches (56ms)
			SetupLoadedEditorAssemblies (408ms)
				LogAssemblyErrors (0ms)
				InitializePlatformSupportModulesInManaged (9ms)
				SetLoadedEditorAssemblies (1ms)
				RefreshPlugins (2ms)
				BeforeProcessingInitializeOnLoad (76ms)
				ProcessInitializeOnLoadAttributes (199ms)
				ProcessInitializeOnLoadMethodAttributes (119ms)
				AfterProcessingInitializeOnLoad (2ms)
				EditorAssembliesLoaded (0ms)
			ExecutionOrderSort2 (0ms)
			AwakeInstancesAfterBackupRestoration (23ms)
Platform modules already initialized, skipping
Refreshing native plugins compatible for Editor in 5.03 ms, found 4 plugins.
Preloading 0 native plugins for Editor in 0.00 ms.
Unloading 4454 Unused Serialized files (Serialized files now loaded: 0)
Unloading 59 unused Assets / (195.9 KB). Loaded Objects now: 5130.
Memory consumption went from 168.5 MB to 168.3 MB.
Total: 6.939600 ms (FindLiveObjects: 0.465700 ms CreateObjectMapping: 0.139100 ms MarkObjects: 6.119700 ms  DeleteObjects: 0.213200 ms)

AssetImportParameters requested are different than current active one (requested -> active):
  custom:video-decoder-ogg-theora: a1e56fd34408186e4bbccfd4996cb3dc -> 
  custom:container-muxer-webm: aa71ff27fc2769a1b78a27578f13a17b -> 
  custom:container-demuxer-webm: 4f35f7cbe854078d1ac9338744f61a02 -> 
  custom:video-encoder-webm-vp8: eb34c28f22e8b96e1ab97ce403110664 -> 
  custom:audio-encoder-webm-vorbis: bf7c407c2cedff20999df2af8eb42d56 -> 
  custom:framework-win-MediaFoundation: 216162199b28c13a410421893ffa2e32 -> 
  custom:container-demuxer-ogg: 62fdf1f143b41e24485cea50d1cbac27 -> 
  custom:video-decoder-webm-vp8: 9c59270c3fd7afecdb556c50c9e8de78 -> 
  custom:audio-decoder-ogg-vorbis: bf7c407c2cedff20999df2af8eb42d56 -> 
========================================================================
Received Prepare
Registering precompiled user dll's ...
Registered in 0.009858 seconds.
Begin MonoManager ReloadAssembly
Symbol file LoadedFromMemory doesn't match image D:\Projects\Game Development\Protos 1\Library\PackageCache\com.unity.visualscripting@1.7.7\Editor\VisualScripting.Core\Dependencies\DotNetZip\Unity.VisualScripting.IonicZip.dll
Symbol file LoadedFromMemory doesn't match image D:\Projects\Game Development\Protos 1\Library\PackageCache\com.unity.visualscripting@1.7.7\Editor\VisualScripting.Core\Dependencies\YamlDotNet\Unity.VisualScripting.YamlDotNet.dll
Native extension for WindowsStandalone target not found
Refreshing native plugins compatible for Editor in 1.28 ms, found 4 plugins.
Preloading 0 native plugins for Editor in 0.00 ms.
Mono: successfully reloaded assembly
- Completed reload, in  1.410 seconds
Domain Reload Profiling:
	ReloadAssembly (1411ms)
		BeginReloadAssembly (186ms)
			ExecutionOrderSort (0ms)
			DisableScriptedObjects (7ms)
			BackupInstance (0ms)
			ReleaseScriptingObjects (0ms)
			CreateAndSetChildDomain (65ms)
		EndReloadAssembly (1126ms)
			LoadAssemblies (124ms)
			RebuildTransferFunctionScriptingTraits (0ms)
			SetupTypeCache (341ms)
			ReleaseScriptCaches (2ms)
			RebuildScriptCaches (50ms)
			SetupLoadedEditorAssemblies (409ms)
				LogAssemblyErrors (0ms)
				InitializePlatformSupportModulesInManaged (10ms)
				SetLoadedEditorAssemblies (0ms)
				RefreshPlugins (1ms)
				BeforeProcessingInitializeOnLoad (72ms)
				ProcessInitializeOnLoadAttributes (195ms)
				ProcessInitializeOnLoadMethodAttributes (127ms)
				AfterProcessingInitializeOnLoad (2ms)
				EditorAssembliesLoaded (0ms)
			ExecutionOrderSort2 (0ms)
			AwakeInstancesAfterBackupRestoration (24ms)
Platform modules already initialized, skipping
Refreshing native plugins compatible for Editor in 4.72 ms, found 4 plugins.
Preloading 0 native plugins for Editor in 0.00 ms.
Unloading 4454 Unused Serialized files (Serialized files now loaded: 0)
Unloading 59 unused Assets / (195.7 KB). Loaded Objects now: 5133.
Memory consumption went from 168.5 MB to 168.3 MB.
Total: 7.506400 ms (FindLiveObjects: 0.547700 ms CreateObjectMapping: 0.208000 ms MarkObjects: 6.543200 ms  DeleteObjects: 0.205500 ms)

AssetImportParameters requested are different than current active one (requested -> active):
  custom:video-decoder-ogg-theora: a1e56fd34408186e4bbccfd4996cb3dc -> 
  custom:container-muxer-webm: aa71ff27fc2769a1b78a27578f13a17b -> 
  custom:container-demuxer-webm: 4f35f7cbe854078d1ac9338744f61a02 -> 
  custom:video-encoder-webm-vp8: eb34c28f22e8b96e1ab97ce403110664 -> 
  custom:audio-encoder-webm-vorbis: bf7c407c2cedff20999df2af8eb42d56 -> 
  custom:framework-win-MediaFoundation: 216162199b28c13a410421893ffa2e32 -> 
  custom:container-demuxer-ogg: 62fdf1f143b41e24485cea50d1cbac27 -> 
  custom:video-decoder-webm-vp8: 9c59270c3fd7afecdb556c50c9e8de78 -> 
  custom:audio-decoder-ogg-vorbis: bf7c407c2cedff20999df2af8eb42d56 -> 
========================================================================
Received Prepare
Registering precompiled user dll's ...
Registered in 0.008605 seconds.
Begin MonoManager ReloadAssembly
Symbol file LoadedFromMemory doesn't match image D:\Projects\Game Development\Protos 1\Library\PackageCache\com.unity.visualscripting@1.7.7\Editor\VisualScripting.Core\Dependencies\DotNetZip\Unity.VisualScripting.IonicZip.dll
Symbol file LoadedFromMemory doesn't match image D:\Projects\Game Development\Protos 1\Library\PackageCache\com.unity.visualscripting@1.7.7\Editor\VisualScripting.Core\Dependencies\YamlDotNet\Unity.VisualScripting.YamlDotNet.dll
Native extension for WindowsStandalone target not found
Refreshing native plugins compatible for Editor in 1.74 ms, found 4 plugins.
Preloading 0 native plugins for Editor in 0.00 ms.
Mono: successfully reloaded assembly
- Completed reload, in  1.465 seconds
Domain Reload Profiling:
	ReloadAssembly (1466ms)
		BeginReloadAssembly (157ms)
			ExecutionOrderSort (0ms)
			DisableScriptedObjects (7ms)
			BackupInstance (0ms)
			ReleaseScriptingObjects (0ms)
			CreateAndSetChildDomain (47ms)
		EndReloadAssembly (1213ms)
			LoadAssemblies (112ms)
			RebuildTransferFunctionScriptingTraits (0ms)
			SetupTypeCache (381ms)
			ReleaseScriptCaches (2ms)
			RebuildScriptCaches (53ms)
			SetupLoadedEditorAssemblies (427ms)
				LogAssemblyErrors (0ms)
				InitializePlatformSupportModulesInManaged (12ms)
				SetLoadedEditorAssemblies (0ms)
				RefreshPlugins (2ms)
				BeforeProcessingInitializeOnLoad (74ms)
				ProcessInitializeOnLoadAttributes (205ms)
				ProcessInitializeOnLoadMethodAttributes (131ms)
				AfterProcessingInitializeOnLoad (2ms)
				EditorAssembliesLoaded (0ms)
			ExecutionOrderSort2 (0ms)
			AwakeInstancesAfterBackupRestoration (27ms)
Platform modules already initialized, skipping
Refreshing native plugins compatible for Editor in 5.26 ms, found 4 plugins.
Preloading 0 native plugins for Editor in 0.00 ms.
Unloading 4454 Unused Serialized files (Serialized files now loaded: 0)
Unloading 59 unused Assets / (195.7 KB). Loaded Objects now: 5136.
Memory consumption went from 168.5 MB to 168.3 MB.
Total: 7.871000 ms (FindLiveObjects: 0.512200 ms CreateObjectMapping: 0.148700 ms MarkObjects: 7.010000 ms  DeleteObjects: 0.198700 ms)

AssetImportParameters requested are different than current active one (requested -> active):
  custom:video-decoder-ogg-theora: a1e56fd34408186e4bbccfd4996cb3dc -> 
  custom:container-muxer-webm: aa71ff27fc2769a1b78a27578f13a17b -> 
  custom:container-demuxer-webm: 4f35f7cbe854078d1ac9338744f61a02 -> 
  custom:video-encoder-webm-vp8: eb34c28f22e8b96e1ab97ce403110664 -> 
  custom:audio-encoder-webm-vorbis: bf7c407c2cedff20999df2af8eb42d56 -> 
  custom:framework-win-MediaFoundation: 216162199b28c13a410421893ffa2e32 -> 
  custom:container-demuxer-ogg: 62fdf1f143b41e24485cea50d1cbac27 -> 
  custom:video-decoder-webm-vp8: 9c59270c3fd7afecdb556c50c9e8de78 -> 
  custom:audio-decoder-ogg-vorbis: bf7c407c2cedff20999df2af8eb42d56 -> 
========================================================================
Received Prepare
Registering precompiled user dll's ...
Registered in 0.007873 seconds.
Begin MonoManager ReloadAssembly
Symbol file LoadedFromMemory doesn't match image D:\Projects\Game Development\Protos 1\Library\PackageCache\com.unity.visualscripting@1.7.7\Editor\VisualScripting.Core\Dependencies\DotNetZip\Unity.VisualScripting.IonicZip.dll
Symbol file LoadedFromMemory doesn't match image D:\Projects\Game Development\Protos 1\Library\PackageCache\com.unity.visualscripting@1.7.7\Editor\VisualScripting.Core\Dependencies\YamlDotNet\Unity.VisualScripting.YamlDotNet.dll
Native extension for WindowsStandalone target not found
Refreshing native plugins compatible for Editor in 1.46 ms, found 4 plugins.
Preloading 0 native plugins for Editor in 0.00 ms.
Mono: successfully reloaded assembly
- Completed reload, in  1.428 seconds
Domain Reload Profiling:
	ReloadAssembly (1428ms)
		BeginReloadAssembly (154ms)
			ExecutionOrderSort (0ms)
			DisableScriptedObjects (6ms)
			BackupInstance (0ms)
			ReleaseScriptingObjects (0ms)
			CreateAndSetChildDomain (45ms)
		EndReloadAssembly (1187ms)
			LoadAssemblies (120ms)
			RebuildTransferFunctionScriptingTraits (0ms)
			SetupTypeCache (359ms)
			ReleaseScriptCaches (2ms)
			RebuildScriptCaches (69ms)
			SetupLoadedEditorAssemblies (421ms)
				LogAssemblyErrors (0ms)
				InitializePlatformSupportModulesInManaged (11ms)
				SetLoadedEditorAssemblies (0ms)
				RefreshPlugins (2ms)
				BeforeProcessingInitializeOnLoad (74ms)
				ProcessInitializeOnLoadAttributes (206ms)
				ProcessInitializeOnLoadMethodAttributes (126ms)
				AfterProcessingInitializeOnLoad (2ms)
				EditorAssembliesLoaded (0ms)
			ExecutionOrderSort2 (0ms)
			AwakeInstancesAfterBackupRestoration (23ms)
Platform modules already initialized, skipping
Refreshing native plugins compatible for Editor in 4.42 ms, found 4 plugins.
Preloading 0 native plugins for Editor in 0.00 ms.
Unloading 4454 Unused Serialized files (Serialized files now loaded: 0)
Unloading 59 unused Assets / (195.6 KB). Loaded Objects now: 5139.
Memory consumption went from 168.5 MB to 168.3 MB.
Total: 7.884500 ms (FindLiveObjects: 0.397500 ms CreateObjectMapping: 0.114400 ms MarkObjects: 7.170000 ms  DeleteObjects: 0.200800 ms)

AssetImportParameters requested are different than current active one (requested -> active):
  custom:video-decoder-ogg-theora: a1e56fd34408186e4bbccfd4996cb3dc -> 
  custom:container-muxer-webm: aa71ff27fc2769a1b78a27578f13a17b -> 
  custom:container-demuxer-webm: 4f35f7cbe854078d1ac9338744f61a02 -> 
  custom:video-encoder-webm-vp8: eb34c28f22e8b96e1ab97ce403110664 -> 
  custom:audio-encoder-webm-vorbis: bf7c407c2cedff20999df2af8eb42d56 -> 
  custom:framework-win-MediaFoundation: 216162199b28c13a410421893ffa2e32 -> 
  custom:container-demuxer-ogg: 62fdf1f143b41e24485cea50d1cbac27 -> 
  custom:video-decoder-webm-vp8: 9c59270c3fd7afecdb556c50c9e8de78 -> 
  custom:audio-decoder-ogg-vorbis: bf7c407c2cedff20999df2af8eb42d56 -> 
========================================================================
Received Prepare
Registering precompiled user dll's ...
Registered in 0.007684 seconds.
Begin MonoManager ReloadAssembly
Symbol file LoadedFromMemory doesn't match image D:\Projects\Game Development\Protos 1\Library\PackageCache\com.unity.visualscripting@1.7.7\Editor\VisualScripting.Core\Dependencies\DotNetZip\Unity.VisualScripting.IonicZip.dll
Symbol file LoadedFromMemory doesn't match image D:\Projects\Game Development\Protos 1\Library\PackageCache\com.unity.visualscripting@1.7.7\Editor\VisualScripting.Core\Dependencies\YamlDotNet\Unity.VisualScripting.YamlDotNet.dll
Native extension for WindowsStandalone target not found
Refreshing native plugins compatible for Editor in 1.25 ms, found 4 plugins.
Preloading 0 native plugins for Editor in 0.00 ms.
Mono: successfully reloaded assembly
- Completed reload, in  1.355 seconds
Domain Reload Profiling:
	ReloadAssembly (1355ms)
		BeginReloadAssembly (145ms)
			ExecutionOrderSort (0ms)
			DisableScriptedObjects (6ms)
			BackupInstance (0ms)
			ReleaseScriptingObjects (0ms)
			CreateAndSetChildDomain (44ms)
		EndReloadAssembly (1118ms)
			LoadAssemblies (101ms)
			RebuildTransferFunctionScriptingTraits (0ms)
			SetupTypeCache (351ms)
			ReleaseScriptCaches (2ms)
			RebuildScriptCaches (65ms)
			SetupLoadedEditorAssemblies (383ms)
				LogAssemblyErrors (0ms)
				InitializePlatformSupportModulesInManaged (9ms)
				SetLoadedEditorAssemblies (0ms)
				RefreshPlugins (1ms)
				BeforeProcessingInitializeOnLoad (70ms)
				ProcessInitializeOnLoadAttributes (190ms)
				ProcessInitializeOnLoadMethodAttributes (110ms)
				AfterProcessingInitializeOnLoad (2ms)
				EditorAssembliesLoaded (0ms)
			ExecutionOrderSort2 (0ms)
			AwakeInstancesAfterBackupRestoration (21ms)
Platform modules already initialized, skipping
Refreshing native plugins compatible for Editor in 3.71 ms, found 4 plugins.
Preloading 0 native plugins for Editor in 0.00 ms.
Unloading 4454 Unused Serialized files (Serialized files now loaded: 0)
Unloading 59 unused Assets / (195.7 KB). Loaded Objects now: 5142.
Memory consumption went from 168.5 MB to 168.3 MB.
Total: 6.537200 ms (FindLiveObjects: 0.502500 ms CreateObjectMapping: 0.332100 ms MarkObjects: 5.518500 ms  DeleteObjects: 0.182900 ms)

AssetImportParameters requested are different than current active one (requested -> active):
  custom:video-decoder-ogg-theora: a1e56fd34408186e4bbccfd4996cb3dc -> 
  custom:container-muxer-webm: aa71ff27fc2769a1b78a27578f13a17b -> 
  custom:container-demuxer-webm: 4f35f7cbe854078d1ac9338744f61a02 -> 
  custom:video-encoder-webm-vp8: eb34c28f22e8b96e1ab97ce403110664 -> 
  custom:audio-encoder-webm-vorbis: bf7c407c2cedff20999df2af8eb42d56 -> 
  custom:framework-win-MediaFoundation: 216162199b28c13a410421893ffa2e32 -> 
  custom:container-demuxer-ogg: 62fdf1f143b41e24485cea50d1cbac27 -> 
  custom:video-decoder-webm-vp8: 9c59270c3fd7afecdb556c50c9e8de78 -> 
  custom:audio-decoder-ogg-vorbis: bf7c407c2cedff20999df2af8eb42d56 -> 
========================================================================
Received Import Request.
  Time since last request: 1131.638548 seconds.
  path: Assets/Art/Animations/AnimationClips
  artifactKey: Guid(2dceb00d54b369d4889d2daf5a884a57) Importer(815301076,1909f56bfc062723c751e8b465ee728b)
Start importing Assets/Art/Animations/AnimationClips using Guid(2dceb00d54b369d4889d2daf5a884a57) Importer(815301076,1909f56bfc062723c751e8b465ee728b)  -> (artifact id: 'fc4411c43b9e9902c2866a9fe9297a4e') in 0.011921 seconds 
